지점,지점명,일시,평균기온(°C),일강수량(mm),평균 풍속(m/s),평균 상대습도(%),평균 전운량(1/10),평균 지면온도(°C),안개 계속시간(hr)
108,서울,2016-05-01,18.8,,2.2,40.5,5.6,20.2,
108,서울,2016-05-02,21.1,16.5,2.2,64.5,7,24.4,
108,서울,2016-05-03,12.9,27,4.9,86.1,10,14.8,
108,서울,2016-05-04,15.7,,5.1,46.6,1.6,16.6,
108,서울,2016-05-05,18.9,7.5,1.7,50.8,4.5,20,
108,서울,2016-05-06,16.3,9.5,2,89.3,9.3,16.8,
108,서울,2016-05-07,16.5,,2.6,60.3,2,19.3,
108,서울,2016-05-08,19.4,,2.1,44.8,5.4,20.8,
108,서울,2016-05-09,20.2,0,2,43,8.3,23.1,
108,서울,2016-05-10,14.5,13.5,2.3,82.4,9.1,16.9,
108,서울,2016-05-11,16.4,,2,60.9,2,21.2,
108,서울,2016-05-12,17.8,,2.7,62.4,3.3,22.2,
108,서울,2016-05-13,18.6,.5,2.1,57,3.6,24,
108,서울,2016-05-14,20.2,,2.3,47.1,5.5,24.7,
108,서울,2016-05-15,17.4,45,2.7,73.9,9,20.1,
108,서울,2016-05-16,15.9,2.5,3.2,57,3,20.6,
108,서울,2016-05-17,19.3,,1.9,48.8,0,23.6,
108,서울,2016-05-18,22.3,,1.9,40.3,.5,26.9,
108,서울,2016-05-19,24.3,,1.6,36.4,0,29.6,
108,서울,2016-05-20,24,,1.8,32,.6,28.4,
108,서울,2016-05-21,24.1,,2,23.8,2.6,29.3,
108,서울,2016-05-22,24.7,,1.9,35,2.8,30.8,
108,서울,2016-05-23,23.3,,2.1,43,7.5,28.1,
108,서울,2016-05-24,16.8,38.5,2.6,82.6,7,18.5,
108,서울,2016-05-25,19.7,,2.7,67.9,6.9,21.1,
108,서울,2016-05-26,19.4,0,1.8,72,8.1,19.4,
108,서울,2016-05-27,20.9,,1.7,61.3,7.1,23.2,
108,서울,2016-05-28,21.7,,2.1,56.1,2.9,28.3,
108,서울,2016-05-29,21.5,,2.3,56.1,4.1,27.6,
108,서울,2016-05-30,22.1,,2.4,57.3,0,30.1,
108,서울,2016-05-31,21.6,,2.5,63.6,2.9,27.9,
108,서울,2016-06-01,23.3,,2.1,45.8,2.4,29.6,
108,서울,2016-06-02,23.2,,2.4,38.3,.6,31.7,
108,서울,2016-06-03,22.2,,2.2,48.1,4,29.6,
108,서울,2016-06-04,21.2,,1.6,51.8,7.5,25.7,
108,서울,2016-06-05,24.7,,1.7,47.3,3.5,33.7,
108,서울,2016-06-06,23.3,0,2.3,49.1,7.4,28,
108,서울,2016-06-07,21.7,.1,1.7,69.5,6.8,22.8,
108,서울,2016-06-08,22.1,,2.3,65.9,5.1,31.3,
108,서울,2016-06-09,24.1,,2,59.5,1.4,32.8,
108,서울,2016-06-10,24.6,,2.2,60.9,2.1,32.6,
108,서울,2016-06-11,23.5,3,1.7,74.3,8.3,25.9,
108,서울,2016-06-12,23.5,1.5,2.1,79.4,8.3,25.4,
108,서울,2016-06-13,23.5,,2.4,70.5,5.1,27.5,
108,서울,2016-06-14,23.8,0,2.1,62.5,6,31.8,
108,서울,2016-06-15,20.9,15.5,2.7,81.8,9,20.8,
108,서울,2016-06-16,20.9,0,2.8,73.5,6.9,22.4,
108,서울,2016-06-17,23.8,,2.5,63.1,2.5,28.6,
108,서울,2016-06-18,24.5,,1.8,58,1.3,31.4,
108,서울,2016-06-19,24.1,0,1.9,64.5,4.4,30,
108,서울,2016-06-20,24.7,,1.7,66,6.8,29.3,
108,서울,2016-06-21,26,,1.7,60.1,6.1,30.6,
108,서울,2016-06-22,24.3,30.5,2,75.1,6.4,26.2,
108,서울,2016-06-23,24.7,.1,2.1,71,5,26.1,
108,서울,2016-06-24,23.1,3.5,2,75.8,7.3,23.4,
108,서울,2016-06-25,22.8,,2.8,63.1,4.5,24.9,
108,서울,2016-06-26,24.4,,2.7,58.4,.8,30.5,
108,서울,2016-06-27,24.4,,1.6,55.5,6.6,28.3,
108,서울,2016-06-28,24.7,,1.8,61.1,5,27.9,
108,서울,2016-06-29,25.3,,2.2,58,6.9,30.9,
108,서울,2016-06-30,24.6,.2,2.8,78.1,9.5,26,
108,서울,2016-07-01,24,108.5,2.3,86.5,9.9,23.9,
108,서울,2016-07-02,23.5,4,2.4,81.4,8,24.8,
108,서울,2016-07-03,23.5,,1.6,70.4,6.5,23.6,
108,서울,2016-07-04,21.8,29.5,3,85.1,9.1,22.3,
108,서울,2016-07-05,23.1,100.5,2.8,93.6,10,22.9,
108,서울,2016-07-06,22.9,0,1.9,74,6.8,24,
108,서울,2016-07-07,24,0,1.3,71.6,7.5,24.9,
108,서울,2016-07-08,27.3,,1.8,66.5,.1,30.7,
108,서울,2016-07-09,27.7,,2,64.8,3.1,34,
108,서울,2016-07-10,27.9,,1.8,64.4,7.3,34.5,
108,서울,2016-07-11,28.4,0,1.7,67.4,8.1,32.5,
108,서울,2016-07-12,26.3,3,2.1,65.5,7.3,29.2,
108,서울,2016-07-13,26.3,0,2.1,69,7.6,30,
108,서울,2016-07-14,27.5,.1,2.1,66.9,5.8,32.2,
108,서울,2016-07-15,26.2,1.5,2.6,60,9.3,28.3,
108,서울,2016-07-16,20.8,46.5,3.5,92.8,10,21.5,
108,서울,2016-07-17,21.7,2.5,2.6,82.9,10,22.5,
108,서울,2016-07-18,24.4,.2,1.5,75.1,5.9,25.5,
108,서울,2016-07-19,27.1,,1.5,65.5,3.6,29.5,
108,서울,2016-07-20,28.6,,1.9,62.5,5.4,30.7,
108,서울,2016-07-21,28.3,,2.2,61.3,6.8,31.4,
108,서울,2016-07-22,29.1,,2.2,64,6.5,32.4,
108,서울,2016-07-23,28.7,.5,1.9,70.4,8.8,30.5,
108,서울,2016-07-24,28,.5,2,77.9,9.6,28.1,
108,서울,2016-07-25,28.4,,1.9,75.3,6.6,30.1,
108,서울,2016-07-26,28.4,,2.6,69,6.8,32.9,
108,서울,2016-07-27,27.6,.5,3.2,76.4,9.4,27.1,
108,서울,2016-07-28,28,.2,2.8,70.6,6.3,31.9,
108,서울,2016-07-29,26.3,59.5,1.6,82.3,9.6,26.6,
108,서울,2016-07-30,28.6,.5,2.1,73.5,5.9,29.6,
108,서울,2016-07-31,28.9,.2,1.6,72.1,5.4,30.5,
108,서울,2016-08-01,28.4,,1.6,72,6.3,30.9,
108,서울,2016-08-02,27.2,2,1.2,72.5,7.6,30.3,
108,서울,2016-08-03,29.1,,1.6,65.4,4.1,32.3,
108,서울,2016-08-04,30.7,,1.6,59.6,1.1,35.9,
108,서울,2016-08-05,31.2,,1.8,60.1,1.9,35.1,
108,서울,2016-08-06,30.5,,1.7,64.8,1.9,35.5,
108,서울,2016-08-07,30.6,,1.9,56,.9,38.3,
108,서울,2016-08-08,30.5,,1.8,63.1,2.5,38.2,
108,서울,2016-08-09,29.3,1,1.9,68.3,3.8,32.8,
108,서울,2016-08-10,29.4,,1.9,66.3,4.4,34.5,
108,서울,2016-08-11,30.5,,2,64.1,.3,39.2,
108,서울,2016-08-12,30.4,,2,68.3,1.8,37.5,
108,서울,2016-08-13,30.2,,2.4,67.9,3,37.8,
108,서울,2016-08-14,28.9,.2,1.9,74,5.3,33.2,
108,서울,2016-08-15,29.1,0,1.9,65.5,6.1,35.9,
108,서울,2016-08-16,29.3,.5,1.6,64.9,4.5,35,
108,서울,2016-08-17,29.9,,1.9,60.4,3.3,36.4,
108,서울,2016-08-18,29.9,,1.6,61.9,7,33.5,
108,서울,2016-08-19,28.9,11.5,1.4,69.5,7.5,33.7,
108,서울,2016-08-20,30.1,,1.7,59,6.9,29.6,
108,서울,2016-08-21,30.7,0,2.1,57.5,4.4,33.8,
108,서울,2016-08-22,30.7,.4,2.1,58,3.6,35,
108,서울,2016-08-23,28.3,8,2.1,68.8,5.1,29.5,
108,서울,2016-08-24,29.1,0,1.8,59.1,5.4,29.4,
108,서울,2016-08-25,27.1,4.5,1.9,70.4,7.4,28.9,
108,서울,2016-08-26,23,20,3.6,57,4.3,23.8,
108,서울,2016-08-27,23.4,0,3.1,43.3,4.9,25.4,
108,서울,2016-08-28,21,1.5,2.6,62.5,8.3,23.7,
108,서울,2016-08-29,22.2,,2,54.5,5.1,23.5,
108,서울,2016-08-30,20.6,0,3.3,60.4,6.1,23.1,
108,서울,2016-08-31,17.7,17.5,3.8,85.3,8.4,18.1,
108,서울,2016-09-01,23.2,,3.1,71.3,2.9,21.8,
108,서울,2016-09-02,24.2,4.5,2.7,68.5,6.5,25.5,
108,서울,2016-09-03,23.9,.5,1.8,73.8,6.1,25,
108,서울,2016-09-04,25.6,,1.5,71.3,7.3,26,
108,서울,2016-09-05,26.4,,1.7,66.1,5.4,28.6,
108,서울,2016-09-06,24.7,,1.8,69,4.4,26.5,
108,서울,2016-09-07,24.3,,1.8,69.8,6.9,27,
108,서울,2016-09-08,23,4.5,1.3,76.4,8.1,23.3,
108,서울,2016-09-09,23.9,,1.8,71.1,4.4,25.5,
108,서울,2016-09-10,24.4,,1.6,65.4,6.3,26.4,
108,서울,2016-09-11,24.5,,1.7,66.3,7.1,25.6,
108,서울,2016-09-12,23.4,2.5,1.9,68.9,4.5,23.6,
108,서울,2016-09-13,24.6,,1.8,62.5,3.8,25.6,
108,서울,2016-09-14,24.6,,1.8,66.1,5,27.8,
108,서울,2016-09-15,23.9,,1.3,68.1,7.6,26.5,
108,서울,2016-09-16,24.6,,1.5,64.9,9.3,26.4,
108,서울,2016-09-17,23.1,7,2.9,64.8,4.9,23.1,
108,서울,2016-09-18,23.5,,3.1,53.4,5.4,24.7,
108,서울,2016-09-19,21.9,,3.5,53.3,1.4,25.7,
108,서울,2016-09-20,20.6,,3.1,41.1,1.1,24.8,
108,서울,2016-09-21,20.2,,2,43.4,5.6,22.9,
108,서울,2016-09-22,21.9,,1.8,46.3,3.9,26,
108,서울,2016-09-23,21.4,,1.6,57.9,2.6,24.6,
108,서울,2016-09-24,22.3,,1.6,60.6,3.3,25.5,
108,서울,2016-09-25,23,,1.2,57.6,6.8,26.6,
108,서울,2016-09-26,23.6,,1.8,59.1,5.4,26.2,
108,서울,2016-09-27,21,13.5,1.3,82.5,9.6,21.5,
108,서울,2016-09-28,19.9,.5,1.3,84.6,10,20.7,
108,서울,2016-09-29,20.4,,3,64.4,8.4,21.3,
108,서울,2016-09-30,20.5,,1.6,66.9,8.8,20.9,
108,서울,2016-10-01,21.1,,1.2,69,7.8,21.8,
108,서울,2016-10-02,19,18.5,2.7,84.1,9.8,18.6,
108,서울,2016-10-03,22.7,6.5,2.7,73.3,4,23.6,
108,서울,2016-10-04,22,,2.4,58.9,.9,22.4,
108,서울,2016-10-05,21.1,,3,61.9,3.4,22.1,
108,서울,2016-10-06,18,,2.6,59.3,2.8,21,
108,서울,2016-10-07,19.7,2,2.6,67.8,8.8,21.9,
108,서울,2016-10-08,16.8,6,2.9,66.4,5.5,18,
108,서울,2016-10-09,11.3,,2.9,46.3,3.3,14.6,
108,서울,2016-10-10,14,,1.6,43.3,4.4,16.3,
108,서울,2016-10-11,15.4,,1.8,62.4,6,16.5,
108,서울,2016-10-12,15.5,,2,57,3.3,18,
108,서울,2016-10-13,15.2,,1.4,44.1,3.8,17.2,
108,서울,2016-10-14,16.7,,1.3,61.8,0,17.2,
108,서울,2016-10-15,19.1,,1.3,60.6,4.1,19.6,
108,서울,2016-10-16,17.2,1.5,1.5,74.1,9.4,16.5,
108,서울,2016-10-17,17.5,,1.4,76.1,6.1,18.2,
108,서울,2016-10-18,17,,1.4,70.9,3,17.7,
108,서울,2016-10-19,18,,1.5,67.6,1.3,18.9,
108,서울,2016-10-20,18.6,,1.8,61.3,1.6,19.4,
108,서울,2016-10-21,17.9,,3,58.6,9.4,19.3,
108,서울,2016-10-22,18.3,,1.8,59,6.8,20.1,
108,서울,2016-10-23,13.3,2.5,4,66.3,9.4,13.8,
108,서울,2016-10-24,15.1,,2.4,54.8,5.6,16.4,
108,서울,2016-10-25,14.1,37,2.2,84,7.6,14,
108,서울,2016-10-26,13.3,0,1.4,81,5.4,13,
108,서울,2016-10-27,14.6,,1.9,65.4,6.5,13.5,
108,서울,2016-10-28,14.6,.3,2.5,61.8,8.8,14.4,
108,서울,2016-10-29,7.8,,3,40.3,6.6,8.3,
108,서울,2016-10-30,7.9,,1.5,31.9,.9,8.6,
108,서울,2016-10-31,5.7,.5,2,59.9,7.4,6,
108,서울,2016-11-01,1.5,,2.7,43.6,0,4.1,
108,서울,2016-11-02,4.1,.1,1.4,53.1,4.4,5.4,
108,서울,2016-11-03,9.1,.2,1.6,62.8,4.9,10.8,
108,서울,2016-11-04,12.3,0,2.7,67,8.3,11.6,
108,서울,2016-11-05,15,0,2.2,77.4,7.3,15.4,
108,서울,2016-11-06,14,,3.4,59.4,7.5,15.3,
108,서울,2016-11-07,12.8,5.5,2.8,71.3,9,13.8,
108,서울,2016-11-08,4.1,.5,3.5,58,2.4,7.4,
108,서울,2016-11-09,2.1,,1.9,41.1,1.4,3.5,
108,서울,2016-11-10,6,.4,2,55.5,9.5,5.9,
108,서울,2016-11-11,9.1,4,2.2,63.3,2,9.3,
108,서울,2016-11-12,11.4,,2.3,62.1,3.3,9.7,
108,서울,2016-11-13,14.4,.5,1.7,74.8,7.3,13.4,
108,서울,2016-11-14,13.2,1.5,1.7,78.5,7.9,12.8,
108,서울,2016-11-15,5.2,,2.8,44.3,0,6,
108,서울,2016-11-16,5.2,,1.4,44.3,1.1,4.2,
108,서울,2016-11-17,9.1,,1.2,56.4,2,7.5,
108,서울,2016-11-18,10.3,0,1.9,58.4,5.6,8.3,
108,서울,2016-11-19,13,0,2.2,71.1,8.9,13,
108,서울,2016-11-20,9.8,,2.5,48.6,1.6,10.5,
108,서울,2016-11-21,9.5,,2.2,40.5,7.8,8.4,
108,서울,2016-11-22,2,.2,3.9,43.3,8.4,5.6,
108,서울,2016-11-23,-1.8,,3,37.5,3.4,1,
108,서울,2016-11-24,-2.5,,2.1,37.8,0,0,
108,서울,2016-11-25,1,,1.5,43.9,4.3,1.4,
108,서울,2016-11-26,.9,2.8,2.3,69.6,7.5,.2,
108,서울,2016-11-27,3.3,0,1.5,81.3,7.5,4,
108,서울,2016-11-28,1.4,,2.5,57.9,0,2.4,
108,서울,2016-11-29,1.7,,1.6,40.8,.1,1.6,
108,서울,2016-11-30,6,1,2,59.8,8.9,4.7,
108,서울,2016-12-01,4.1,,3.6,47.6,1.3,4.1,
108,서울,2016-12-02,1.6,,1.8,48.4,0,1.8,
108,서울,2016-12-03,4.5,,1.4,58.8,5.5,3.5,
108,서울,2016-12-04,5.5,,1.2,60.1,8.8,4.2,
108,서울,2016-12-05,5.9,1.5,3,69.1,7.9,6.6,
108,서울,2016-12-06,-1.1,,2.5,38.5,0,.8,
108,서울,2016-12-07,1.7,0,2.3,58.3,3.9,1.1,
108,서울,2016-12-08,2.1,3,1.7,70,6.1,1.6,
108,서울,2016-12-09,1.4,3,2.8,65.8,3.9,2.8,
108,서울,2016-12-10,-1.6,,1.9,47.6,.1,-.6,
108,서울,2016-12-11,-1.1,,1.2,42.6,.4,-1.4,
108,서울,2016-12-12,2.3,,1.9,37.9,8,2.2,
108,서울,2016-12-13,3.4,,2,53.6,4.6,2.9,
108,서울,2016-12-14,-1.4,.1,2.7,68.1,7.3,-.1,
108,서울,2016-12-15,-5,,3,41.8,0,-2.2,
108,서울,2016-12-16,-4.7,,2.2,40.3,2,-3.3,
108,서울,2016-12-17,2.7,0,1.8,60.1,6.6,.7,
108,서울,2016-12-18,4.9,,1.9,68.8,8.5,3.9,
108,서울,2016-12-19,7.2,.1,2.5,66,6.9,6.2,
108,서울,2016-12-20,7.6,,1.2,71.3,2.4,4.6,
108,서울,2016-12-21,7.9,29,3.5,75.5,8.1,5.8,
108,서울,2016-12-22,5.5,23.5,3.5,90.3,9.8,6.8,1.08
108,서울,2016-12-23,-2.5,.1,3.6,71.1,8.9,0,
108,서울,2016-12-24,-2.4,,1.8,66,5.5,-.5,
108,서울,2016-12-25,1,,1.7,69.5,4.8,0,
108,서울,2016-12-26,2.5,0,1.4,73.8,8.6,2.2,
108,서울,2016-12-27,-2.3,.5,3.5,54.6,2.8,.6,
108,서울,2016-12-28,-3.7,,1.8,49,1.9,-2.1,
108,서울,2016-12-29,-4.2,.3,2.8,53.1,1.5,-1.2,
108,서울,2016-12-30,-3.9,,1.3,50.9,3,-3,
108,서울,2016-12-31,.7,0,1.5,65.4,6.6,1.2,
108,서울,2017-01-01,2.7,,1.5,75.9,7,.9,
108,서울,2017-01-02,5,.3,2.1,77.8,7.6,4.8,
108,서울,2017-01-03,2,,1.8,61.8,1.1,1.5,
108,서울,2017-01-04,3.9,,1.7,55,2.6,3,
108,서울,2017-01-05,3.8,,3.1,52.3,8.4,2.4,
108,서울,2017-01-06,5.4,,2.4,58.5,4.1,4.6,
108,서울,2017-01-07,4.6,,1.4,64.9,3,3,
108,서울,2017-01-08,6.5,0,2.6,61.4,8.1,5.7,
108,서울,2017-01-09,1.5,0,3.3,60.8,4.3,3.6,
108,서울,2017-01-10,-3.7,,3.2,45.1,.8,-1.3,
108,서울,2017-01-11,-3.8,,2.1,36.4,1.9,-2.2,
108,서울,2017-01-12,-2.2,0,3.1,43.1,2.1,-.4,
108,서울,2017-01-13,-6,.6,2.9,47.4,1.8,-3.1,
108,서울,2017-01-14,-8.4,,3.8,33.3,0,-5.5,
108,서울,2017-01-15,-6.6,,2.3,35.3,0,-4.2,
108,서울,2017-01-16,-3.8,,1.4,37.6,.1,-2.8,
108,서울,2017-01-17,-2,,1.5,46.6,4.4,-2.3,
108,서울,2017-01-18,-.5,0,1.3,68.9,4,-1.6,
108,서울,2017-01-19,-1.2,,1.6,55.4,6.3,-.9,
108,서울,2017-01-20,-4.4,4,3,70.3,4.8,-2.2,
108,서울,2017-01-21,-5.2,2.1,1.6,78.1,5.3,-3.6,
108,서울,2017-01-22,-8.3,0,3.8,51.3,0,-2.7,
108,서울,2017-01-23,-8.9,,2.2,48.4,0,-4.9,
108,서울,2017-01-24,-7,,2,49.6,0,-5,
108,서울,2017-01-25,-5.2,,1.5,50.6,0,-4.8,
108,서울,2017-01-26,-1.3,.3,2.2,64.4,6.9,-2.5,
108,서울,2017-01-27,-2.6,3,3.4,47.3,1.6,.6,
108,서울,2017-01-28,-1.6,,1.7,38,6.6,-1.4,
108,서울,2017-01-29,.8,4.5,1.8,71.1,9.6,.1,
108,서울,2017-01-30,-4.8,.1,3.3,61.4,2.9,.1,
108,서울,2017-01-31,-5.4,,1.7,44.8,3.1,-1.8,
108,서울,2017-02-01,-4,,2.5,44.5,1.4,-1.6,
108,서울,2017-02-02,-2.7,,2.7,52.9,1.3,-1.5,
108,서울,2017-02-03,1.5,,1.5,65.4,2.3,1.8,
108,서울,2017-02-04,.9,,1.6,69.4,7,-.1,
108,서울,2017-02-05,1.2,.5,2.1,75.3,7.3,.7,
108,서울,2017-02-06,-1.7,,3,51,0,1,
108,서울,2017-02-07,-2,,1.5,45.4,5.3,-.5,
108,서울,2017-02-08,-2.2,,2,50.1,6.8,-1.3,
108,서울,2017-02-09,-5.3,,3.8,47,1.5,-3.3,
108,서울,2017-02-10,-6.6,,4.1,44.3,.9,-3.1,
108,서울,2017-02-11,-4.8,,2.8,45.4,.3,-1.7,
108,서울,2017-02-12,-2.2,,2.1,51.3,0,.2,
108,서울,2017-02-13,.1,,1.6,59.6,4.3,.2,
108,서울,2017-02-14,.3,,2.5,46,0,3,
108,서울,2017-02-15,1.8,,1.4,52.1,0,1.5,
108,서울,2017-02-16,5.5,0,2,63.9,5.8,2.8,
108,서울,2017-02-17,.8,4,3.9,56.9,3.1,4.9,.17
108,서울,2017-02-18,-2.6,,2.8,49.4,.6,.4,
108,서울,2017-02-19,2.3,1,1.9,68,7,.3,
108,서울,2017-02-20,-1.5,.5,4.2,53.8,2.5,2.4,.67
108,서울,2017-02-21,-.6,,1.6,37.1,4.5,1.1,
108,서울,2017-02-22,1.7,5.1,2.7,70.8,9.9,.7,
108,서울,2017-02-23,-1.5,,3.8,56.4,1.1,1.7,
108,서울,2017-02-24,-.8,,2.2,51.3,2.1,1.5,
108,서울,2017-02-25,2.6,,2.3,63.6,1.8,3.2,
108,서울,2017-02-26,3.6,,2.1,52.8,.1,4,
108,서울,2017-02-27,3.7,,1.8,37.4,0,4.2,
108,서울,2017-02-28,5.6,,2,41.5,2.1,4.8,
108,서울,2017-03-01,5,5,1.8,65,9.8,4.7,
108,서울,2017-03-02,1.8,.5,3.1,59.5,4.1,5.7,
108,서울,2017-03-03,3.3,,2.1,54.4,1.3,3.8,
108,서울,2017-03-04,5.7,,1.6,60,.1,5.3,
108,서울,2017-03-05,5.2,.5,2.1,71.6,6.1,5.4,
108,서울,2017-03-06,.1,,4,41.3,.5,2.9,
108,서울,2017-03-07,-1.3,0,3.9,37.5,1,2.8,
108,서울,2017-03-08,-.1,0,3.1,50.6,2.8,1.4,
108,서울,2017-03-09,3.2,,3.1,47.3,.8,3.7,
108,서울,2017-03-10,4.8,,2.2,37.4,.1,5.3,
108,서울,2017-03-11,7.3,,1.8,37.4,3,6.9,
108,서울,2017-03-12,8.2,0,2,58.4,9,9,
108,서울,2017-03-13,6.9,,2.5,49.8,3.4,8.7,
108,서울,2017-03-14,5.8,,3.2,37.5,.5,7.9,
108,서울,2017-03-15,6.3,,2.1,34.9,.1,8.3,
108,서울,2017-03-16,6.2,,1.9,41.8,3,8.2,
108,서울,2017-03-17,7.7,,2,43.1,1.9,9.5,
108,서울,2017-03-18,9.5,,2.3,34.1,3.5,11.6,
108,서울,2017-03-19,10.9,,1.6,36,.3,12.7,
108,서울,2017-03-20,10.2,,1.8,40.4,8.3,10.4,
108,서울,2017-03-21,7.4,,3.1,48.1,2,8.9,
108,서울,2017-03-22,7.6,,2.5,32.8,4.8,11.2,
108,서울,2017-03-23,9.1,,2.2,34,4.6,11.8,
108,서울,2017-03-24,8.7,,2.1,41.4,6.8,11.3,
108,서울,2017-03-25,8.1,,2.1,41.1,6,9.9,
108,서울,2017-03-26,7.3,,2.2,53.1,7.1,11.2,
108,서울,2017-03-27,6.1,.4,2.5,67.4,6,7,
108,서울,2017-03-28,7.1,,1.9,59.8,6.4,10.1,
108,서울,2017-03-29,8.8,,2.3,54.9,4.3,13.2,
108,서울,2017-03-30,10.6,,1.9,50,4.9,13.9,
108,서울,2017-03-31,8.6,1.5,2.4,70.6,8.3,8.8,
108,서울,2017-04-01,9,1,2.1,60.5,4.8,14.6,
108,서울,2017-04-02,9,,2.1,53.1,.9,13.1,
108,서울,2017-04-03,11.4,,2.1,45.6,0,15.5,
108,서울,2017-04-04,14.1,,2,35.3,4,17.5,
108,서울,2017-04-05,12,37.5,2.4,66,9.9,11,
108,서울,2017-04-06,10.4,3,2.4,90,9.6,11.9,3.02
108,서울,2017-04-07,14.5,,2.1,68.1,6.8,16.6,
108,서울,2017-04-08,13,.5,2.5,74.5,8.3,16.5,
108,서울,2017-04-09,14.8,.5,2.8,59.6,8,17.4,
108,서울,2017-04-10,16.5,,2.8,25.8,5.5,19,
108,서울,2017-04-11,15.3,,3.2,36.8,5.3,17.2,
108,서울,2017-04-12,11.5,,3.7,21.8,1.9,16.3,
108,서울,2017-04-13,12.7,0,2.5,54,3,16.5,
108,서울,2017-04-14,13,6,3.5,57.9,6.9,12.5,
108,서울,2017-04-15,16.8,,2.2,59.4,3.3,18.6,
108,서울,2017-04-16,18.7,,1.4,52.9,8.1,19.7,
108,서울,2017-04-17,14.7,5.5,2.2,66.5,8.3,13.2,
108,서울,2017-04-18,11.7,7.5,2.5,76.5,5.3,11.2,
108,서울,2017-04-19,12.6,,2.9,43.1,2,15.2,
108,서울,2017-04-20,12.9,.1,2.3,45.4,7.4,13.4,
108,서울,2017-04-21,13.1,,2,56.5,3.1,15.9,
108,서울,2017-04-22,14.8,,2.1,48.4,.5,19.9,
108,서울,2017-04-23,14.9,,2.4,40,.1,19.3,
108,서울,2017-04-24,15.1,,2.7,39.4,4.8,18.3,
108,서울,2017-04-25,16,,2.7,56.8,7.9,18.4,
108,서울,2017-04-26,15.1,,3.3,36,2,21.8,
108,서울,2017-04-27,13.6,,3.3,41.8,.4,20.2,
108,서울,2017-04-28,14.4,,3,57.3,3.3,19.1,
108,서울,2017-04-29,17.1,,2.7,44.3,0,22.1,
108,서울,2017-04-30,19.3,,2.6,57.9,0,24.2,
108,서울,2017-05-01,20.1,,1.9,50.8,0,25.8,
108,서울,2017-05-02,20.7,,2.1,42,3.1,25.4,
108,서울,2017-05-03,21.5,,2,34.1,0,27.2,
108,서울,2017-05-04,21,,2,43.6,7.4,25.4,
108,서울,2017-05-05,20.9,,3.2,53.4,5.1,28.4,
108,서울,2017-05-06,14.9,,3.8,32,.9,22.3,
108,서울,2017-05-07,16.6,,3.2,42.6,.5,23.6,
108,서울,2017-05-08,17.9,,2.1,43.6,7.3,21.7,
108,서울,2017-05-09,17.1,2.5,1.6,62.6,9.4,19.7,
108,서울,2017-05-10,16.4,2.5,2.5,73,6.9,18.4,
108,서울,2017-05-11,19.3,0,1.8,65.3,7.6,21.6,
108,서울,2017-05-12,19.1,,2.1,71.6,8,17.6,
108,서울,2017-05-13,16.4,6,3.1,77.8,6.8,17.2,
108,서울,2017-05-14,15.7,,3.7,58.3,.6,19.9,
108,서울,2017-05-15,16,0,2.8,61.4,5.5,20.7,
108,서울,2017-05-16,17.1,,2,60.5,6.4,22,
108,서울,2017-05-17,18.6,,2.1,51.5,.6,25.8,
108,서울,2017-05-18,20.4,,2.3,41.9,1.5,27.2,
108,서울,2017-05-19,21.1,,2.6,42.6,0,28.9,
108,서울,2017-05-20,20.9,,2.4,44,5.1,27.8,
108,서울,2017-05-21,21.5,,2.3,48.1,2.8,30.6,
108,서울,2017-05-22,21.8,,2,53.6,2.8,29,
108,서울,2017-05-23,20,5,1.9,68,9.1,23.6,
108,서울,2017-05-24,21.8,.1,2,60.4,2.9,27,
108,서울,2017-05-25,19.2,,3.4,45.6,.9,25.9,
108,서울,2017-05-26,17.7,,2.9,41.5,1.9,26.1,
108,서울,2017-05-27,19.5,,2.2,46.1,.1,28.4,
108,서울,2017-05-28,21.2,,2.7,50.6,1,28.3,
108,서울,2017-05-29,22.9,,2.3,61.8,4.6,29.8,
108,서울,2017-05-30,23.6,,2.4,43.5,6,29.1,
108,서울,2017-05-31,23.3,,1.9,49.1,5.4,30.7,
108,서울,2017-06-01,23.3,,3.1,51.8,4.3,31.4,
108,서울,2017-06-02,20.5,0,2.8,37.4,3.1,29.1,
108,서울,2017-06-03,20.5,,3,44,1.9,31.2,
108,서울,2017-06-04,21.7,,2.6,36.9,1.8,30.3,
108,서울,2017-06-05,24.2,0,1.9,33.3,4.9,32.8,
108,서울,2017-06-06,19.4,15.5,2.5,60,9.8,21.6,
108,서울,2017-06-07,17.6,12.5,2.4,91.4,8.8,17.8,
108,서울,2017-06-08,20.1,,2.8,67.3,3.9,23.1,
108,서울,2017-06-09,21.2,.1,3.3,69.8,6.9,23.8,
108,서울,2017-06-10,21.5,4.5,2.3,46.8,6.9,22.4,
108,서울,2017-06-11,22.8,,2.2,33.8,1,26.8,
108,서울,2017-06-12,22.1,,2.8,45.5,4.9,27,
108,서울,2017-06-13,21.5,0,2.4,63,7,28.7,
108,서울,2017-06-14,21.8,,2.8,63,1.6,30.1,
108,서울,2017-06-15,23.1,,2.5,62.4,1.5,30.5,
108,서울,2017-06-16,25.5,,2.2,55.8,1.3,32.5,
108,서울,2017-06-17,24.2,,2.4,52.3,0,32.2,
108,서울,2017-06-18,24.3,,2.3,52,.8,32.4,
108,서울,2017-06-19,24.8,,1.8,50.9,5.6,30.4,
108,서울,2017-06-20,26,0,2.1,43.4,6.6,30.3,
108,서울,2017-06-21,25.4,0,2.9,52.6,3,34,
108,서울,2017-06-22,25.3,,2.5,57.3,3.9,34.8,
108,서울,2017-06-23,26.7,,2,53,4.1,34.6,
108,서울,2017-06-24,24.5,3.5,1.2,60.4,9.5,26.3,
108,서울,2017-06-25,23.8,1.5,1.5,75.4,7.1,24.4,
108,서울,2017-06-26,23.1,29,2.2,76.9,8.8,24.5,
108,서울,2017-06-27,25.2,0,2.2,67.5,6.4,27.3,
108,서울,2017-06-28,26,,2.1,63.5,6.1,27,
108,서울,2017-06-29,26.2,,2.2,64.8,3.8,29.5,
108,서울,2017-06-30,25.9,,2.2,65.9,4.9,31.4,
108,서울,2017-07-01,25.3,.5,2,73.6,9.4,30.5,
108,서울,2017-07-02,24.3,92,2.5,90.5,10,24.7,
108,서울,2017-07-03,24.7,67.5,3.5,87.6,9.9,25.1,
108,서울,2017-07-04,26.7,.5,2,74.5,6.5,28.3,
108,서울,2017-07-05,27.4,,1.5,66.9,4.8,27.2,
108,서울,2017-07-06,27.6,34,1.7,72.3,7.1,31.1,
108,서울,2017-07-07,26.4,16.5,2,80.8,9.5,26.4,
108,서울,2017-07-08,26,4.5,2.6,83.3,9.9,25.9,
108,서울,2017-07-09,26.3,32.5,1,88,9.6,27.4,
108,서울,2017-07-10,24,144.5,2.3,96.5,10,24.4,
108,서울,2017-07-11,26,1,2.1,81.4,8.8,27.2,
108,서울,2017-07-12,27.1,0,2.3,75.9,6.1,29.2,
108,서울,2017-07-13,27.6,,1.5,71,2.6,29.2,
108,서울,2017-07-14,28.7,0,2.1,68.4,7,30.7,
108,서울,2017-07-15,25,42.5,2.2,89,10,25.7,
108,서울,2017-07-16,26.2,22.5,1.4,83.4,9.4,27.1,
108,서울,2017-07-17,26.8,7.5,2,77.3,9.1,28.1,
108,서울,2017-07-18,26.5,2.5,1.6,80.6,7.4,27.5,
108,서울,2017-07-19,28.3,,1.8,71.4,5.9,29.6,
108,서울,2017-07-20,29.9,,2.2,66.1,2.4,33.2,
108,서울,2017-07-21,29.8,,2.5,73.1,8.6,30.7,
108,서울,2017-07-22,29.3,.5,2.3,75.8,9.5,30.9,
108,서울,2017-07-23,27,133.5,2.1,89.5,9.8,26.7,3.08
108,서울,2017-07-24,26.2,3,1.2,82.3,9.4,26.8,
108,서울,2017-07-25,29.4,,1.9,64.1,4.3,31.7,
108,서울,2017-07-26,28.7,,2.7,55.6,3.5,32.5,
108,서울,2017-07-27,27.1,3.5,1.9,62.5,9.4,29,
108,서울,2017-07-28,25.5,8.5,1.5,92.1,9.6,25.9,.42
108,서울,2017-07-29,27.2,0,2.3,72.3,7.5,27.5,
108,서울,2017-07-30,27.9,,1.9,64.4,7.9,29.9,
108,서울,2017-07-31,25.7,3.5,1.4,82.3,9.6,26.1,
108,서울,2017-08-01,28.6,2,1.7,73,7,29.4,
108,서울,2017-08-02,30,,1.3,71.9,5.1,30.4,
108,서울,2017-08-03,30.2,,2.2,60.6,5.6,32.8,
108,서울,2017-08-04,30.3,,2.1,60.1,6.3,34.6,
108,서울,2017-08-05,31.4,0,1.9,63,4.1,35.8,
108,서울,2017-08-06,29.8,5,1.9,71.9,6.9,32.1,
108,서울,2017-08-07,29.2,,2.4,68.1,3.3,33.6,
108,서울,2017-08-08,28.2,,1.9,67.1,8,30.5,
108,서울,2017-08-09,27.6,2.5,2.3,66.4,9.1,32,
108,서울,2017-08-10,24.8,5.5,2,89.9,9.9,27.4,
108,서울,2017-08-11,27,.5,2.3,72.5,5.9,29.4,
108,서울,2017-08-12,27.8,,2.1,60.3,5.6,29.2,
108,서울,2017-08-13,26.3,0,2.8,62.1,8.9,27.8,
108,서울,2017-08-14,24.6,1.5,3.6,67.5,9.6,25.4,
108,서울,2017-08-15,21.9,93.5,3.6,93.8,10,22.9,
108,서울,2017-08-16,23.3,2,3.7,80.5,9.6,24.6,
108,서울,2017-08-17,24.8,.5,2.1,77.1,8.1,26.1,
108,서울,2017-08-18,26.3,0,1.3,75.6,8.3,26.8,
108,서울,2017-08-19,26.1,0,2,75.8,8.1,26.9,
108,서울,2017-08-20,23.2,124.5,2.9,95.6,10,23.8,
108,서울,2017-08-21,25.8,5,2.4,81.5,7.6,26.9,
108,서울,2017-08-22,27.3,,1.9,70.6,4.4,29,
108,서울,2017-08-23,27.2,31.5,2.6,84.1,9.4,27.4,
108,서울,2017-08-24,26.5,14,4,85.3,7.9,25.7,
108,서울,2017-08-25,25.3,,1.7,61.9,6,25.7,
108,서울,2017-08-26,24.2,,2,54.5,1.9,27.3,
108,서울,2017-08-27,22.7,0,1.4,62,8.3,24.8,
108,서울,2017-08-28,21.5,9,1.5,73.1,9.1,22.6,
108,서울,2017-08-29,19.5,,3.2,51.4,6.5,22.8,
108,서울,2017-08-30,19.8,,1.5,55.8,7.1,19.7,
108,서울,2017-08-31,22.2,,1.6,62.4,.9,24.3,
108,서울,2017-09-01,23.3,,2.2,56,.4,26.6,
108,서울,2017-09-02,23.8,,1.8,59,2.9,27.2,
108,서울,2017-09-03,23.7,,1.6,64,3,25.6,
108,서울,2017-09-04,24.6,,1.6,53.8,6.1,28.6,
108,서울,2017-09-05,21.9,0,1.7,62.4,8.8,22.6,
108,서울,2017-09-06,20.6,2,1.2,75.5,9.6,21.5,
108,서울,2017-09-07,22.4,,1.4,73.3,5.6,24.3,
108,서울,2017-09-08,24.3,,1.7,67.5,3.8,27.6,
108,서울,2017-09-09,23.8,,1.4,70.1,2.8,26.5,
108,서울,2017-09-10,23,.5,1.4,74.3,9.3,24.3,
108,서울,2017-09-11,21.2,24,1.7,79.8,7.6,22.6,
108,서울,2017-09-12,22.1,,1.9,58.6,.6,23.3,
108,서울,2017-09-13,21.4,,1.9,49.3,0,23,
108,서울,2017-09-14,22.4,,1.7,48.8,1.5,23.9,
108,서울,2017-09-15,22.6,,3.6,48.4,3.9,25,
108,서울,2017-09-16,22,,3.6,50.9,3.1,25.2,
108,서울,2017-09-17,23.1,,2.7,51.3,3.5,26.7,
108,서울,2017-09-18,21.9,,2.1,62.8,1.8,25.8,
108,서울,2017-09-19,22.6,8,3,79.1,7.9,24.6,
108,서울,2017-09-20,19.5,,2.4,48.9,.8,20.3,
108,서울,2017-09-21,20.3,,1.6,57.3,.5,21.7,
108,서울,2017-09-22,20.6,,2.1,60.8,3.5,22.1,
108,서울,2017-09-23,21.8,0,1.6,69.8,6.6,23.3,
108,서울,2017-09-24,22.4,0,2,71.5,6.9,24.3,
108,서울,2017-09-25,23.4,,1.4,58,2.5,25.2,
108,서울,2017-09-26,25.1,0,1.9,57,4.9,27,
108,서울,2017-09-27,22.7,.5,1.7,66.4,8.8,24,
108,서울,2017-09-28,19.2,,2.8,49.1,2.5,23,
108,서울,2017-09-29,17.4,,2.2,39.3,3.1,20,
108,서울,2017-09-30,20,,1.5,64.9,3.5,21.1,
108,서울,2017-10-01,18.2,4,2.3,74.8,8.9,18.8,
108,서울,2017-10-02,22,1.5,2.3,62.3,2.6,21.7,
108,서울,2017-10-03,17.6,,2.3,49.8,5.8,18.2,
108,서울,2017-10-04,16.7,,1.8,48.5,6.6,17.5,
108,서울,2017-10-05,18.7,,2.1,56.4,8,18.7,
108,서울,2017-10-06,18.9,.5,2.3,66.4,8.5,19.4,
108,서울,2017-10-07,21.9,0,1.2,67.6,7.5,23.9,
108,서울,2017-10-08,23,,1.4,66.9,4.8,25.3,
108,서울,2017-10-09,22.5,0,1.5,66,6.5,24.9,
108,서울,2017-10-10,21.4,.4,1.3,76.9,9.3,22.1,
108,서울,2017-10-11,15.5,20,2.9,77.1,9.3,17.4,
108,서울,2017-10-12,11.4,,2,71,7.1,11.7,
108,서울,2017-10-13,12.8,,3.2,51,3.4,12.8,
108,서울,2017-10-14,14.4,,,42.8,4.9,13.5,
108,서울,2017-10-15,15.8,,1.7,42.5,5.4,15.3,
108,서울,2017-10-16,16.6,,1.7,47.6,7.9,17.2,
108,서울,2017-10-17,16.2,,1.3,47.1,.4,16.2,
108,서울,2017-10-18,16.5,.1,2.4,58.8,9.3,15.7,
108,서울,2017-10-19,17,,1.8,58.3,3.8,16.8,
108,서울,2017-10-20,17,,1.5,58.6,.1,16.9,
108,서울,2017-10-21,17.6,,1.3,52.8,0,16.7,
108,서울,2017-10-22,16.3,,3.1,50.4,1.8,15.6,
108,서울,2017-10-23,13.7,,1.4,47,0,14.4,
108,서울,2017-10-24,14.4,,1.9,54.3,3,14.3,
108,서울,2017-10-25,14.4,,1.5,59,2.9,14.7,
108,서울,2017-10-26,14.5,,1.2,56.5,8.6,14.6,
108,서울,2017-10-27,16.9,,1.2,54.4,1.9,16.8,
108,서울,2017-10-28,17.2,,2,51.9,.1,16.5,
108,서울,2017-10-29,11.5,,3.3,45.6,0,12.1,
108,서울,2017-10-30,7.7,,2.4,27.4,0,10.1,
108,서울,2017-10-31,10.4,,1.8,54.3,1.8,11.4,
108,서울,2017-11-01,14.4,,2.1,72.4,8.5,14.5,
108,서울,2017-11-02,15.5,1,1.6,78.8,8.8,14.6,
108,서울,2017-11-03,12.3,1.5,3.2,66,5.6,12.8,
108,서울,2017-11-04,7.8,,2.5,47.9,2.4,8.6,
108,서울,2017-11-05,8.4,,1.5,52.5,3.3,7.9,
108,서울,2017-11-06,11.4,,1.5,64.5,5.5,11.9,
108,서울,2017-11-07,14.4,0,1.5,61.4,9.1,14.4,
108,서울,2017-11-08,13.1,0,3,53.3,3.9,13.9,
108,서울,2017-11-09,9.4,,1.2,39.6,0,8.8,
108,서울,2017-11-10,9.8,7.5,3,56.3,4.4,8.3,
108,서울,2017-11-11,5.9,,2.2,42.9,0,5.2,
108,서울,2017-11-12,5.3,,1.4,57.1,1.5,3.8,
108,서울,2017-11-13,8.4,4.5,1.9,64.4,7.9,6.8,
108,서울,2017-11-14,7.5,,2.4,42.5,1.9,6.1,
108,서울,2017-11-15,3.2,,2.8,38.3,4.1,2.6,
108,서울,2017-11-16,1,,1.5,30.3,0,1.6,
108,서울,2017-11-17,3,0,2.2,39.4,8.5,1.6,
108,서울,2017-11-18,-2.1,,3.4,38.5,0,.4,
108,서울,2017-11-19,-1.6,,2.2,37.8,2.8,-.8,
108,서울,2017-11-20,-.4,0,1.4,55.3,3.5,-.3,
108,서울,2017-11-21,1.3,,1.4,55.6,1.1,.8,
108,서울,2017-11-22,4.3,.5,2.4,54.8,5.1,2.8,
108,서울,2017-11-23,.9,1.2,2.1,49.3,4.8,.9,
108,서울,2017-11-24,-.4,0,1.8,62.5,3.3,1.2,
108,서울,2017-11-25,3,24,1.8,77.6,7.5,1.1,
108,서울,2017-11-26,3.3,,1.8,71.6,4.3,3.5,5.5
108,서울,2017-11-27,2.5,,1.3,53,.9,1.9,
108,서울,2017-11-28,6.4,.5,1.1,64.1,8.4,3.9,
108,서울,2017-11-29,3.2,0,2.8,48.3,5.4,4.3,
108,서울,2017-11-30,-2.4,,3.3,26.8,2,-.2,
108,서울,2017-12-01,-2.2,0,1.6,49.4,2.3,-1.9,
108,서울,2017-12-02,1.9,,1.7,59.9,3.8,.4,
108,서울,2017-12-03,4.9,4,1.5,83.1,9,4.6,
108,서울,2017-12-04,-1.2,.1,3.4,48.1,1.4,1.2,
108,서울,2017-12-05,-4.2,.1,,40.1,1.6,-2.7,
108,서울,2017-12-06,.2,1.2,,72.6,7,.4,
108,서울,2017-12-07,.7,,1.7,64.5,3.5,1.7,
108,서울,2017-12-08,-3.8,,1.8,41.3,2.1,-1.7,
108,서울,2017-12-09,-.5,,1,46.1,2.8,-1,
108,서울,2017-12-10,1.1,4.1,2,67.9,7,-.2,
108,서울,2017-12-11,-7,,3.5,40.5,.3,-3.2,
108,서울,2017-12-12,-9.4,,2.1,41.9,0,-6,
108,서울,2017-12-13,-8.7,,1.7,42,0,-6.4,
108,서울,2017-12-14,-6.6,,.9,42.9,5.9,-5.4,
108,서울,2017-12-15,-3,0,1,52.6,7.3,-3,
108,서울,2017-12-16,-5.7,,3,43.1,0,-4.4,
108,서울,2017-12-17,-6.7,,1.9,38.1,1.1,-5.7,
108,서울,2017-12-18,-1.6,3.4,1.2,80,6.8,-1.6,
108,서울,2017-12-19,-3.9,,2.1,49.4,1,-2,
108,서울,2017-12-20,-3.9,.2,1.1,68,7.1,-2.6,
108,서울,2017-12-21,-.9,,1.2,71.4,.4,-2.2,
108,서울,2017-12-22,3.4,,1.1,66.6,8.4,.4,
108,서울,2017-12-23,6.1,,1.1,75.8,8,1.7,
108,서울,2017-12-24,2.9,20,1.9,82,6.6,1.5,3.33
108,서울,2017-12-25,-2.1,,2.8,43.1,2.1,-1,
108,서울,2017-12-26,-3.8,,2.9,41.8,.3,-2.5,
108,서울,2017-12-27,-6.9,,1.9,31.4,0,-4.6,
108,서울,2017-12-28,-2.1,0,1.3,47,8.5,-1.7,
108,서울,2017-12-29,2.1,0,1.1,67,4.6,.4,
108,서울,2017-12-30,1.4,.7,.9,79.5,9.3,-.2,4.92
108,서울,2017-12-31,-.3,1,2.3,54.4,1.9,.2,1.33
108,서울,2018-01-01,-1.3,,1.4,39.1,1,-1.7,
108,서울,2018-01-02,-1.8,,1.8,42,2.3,-2.3,
108,서울,2018-01-03,-4.7,,2.2,42.3,3.6,-3.4,
108,서울,2018-01-04,-4.7,,1.4,43,6.5,-3.3,
108,서울,2018-01-05,-3,,1.7,48.4,3.6,-2.6,
108,서울,2018-01-06,-2.8,,1.5,45.8,0,-3.1,
108,서울,2018-01-07,-.8,,.8,42.1,7.5,-2.2,
108,서울,2018-01-08,1.3,.9,1.8,51.9,9,.4,
108,서울,2018-01-09,-4.2,.5,2.9,59.4,3.5,-1.2,
108,서울,2018-01-10,-7.5,.3,3,52,.9,-2.9,
108,서울,2018-01-11,-11.1,,2.8,49.8,.4,-5.6,
108,서울,2018-01-12,-10.2,0,1.7,35.4,2.3,-6.1,
108,서울,2018-01-13,-4.4,.4,.8,67.3,8.3,-2.8,
108,서울,2018-01-14,.6,,1.2,64.1,7,-1.1,
108,서울,2018-01-15,4.7,.2,1.4,63.9,7.6,1.5,
108,서울,2018-01-16,3.5,0,.7,59.1,9.8,.7,
108,서울,2018-01-17,4.5,,1.2,64.1,7.4,1.7,
108,서울,2018-01-18,2.1,0,1.9,59.6,8.6,1.3,
108,서울,2018-01-19,1,,1.6,43,3.8,.3,
108,서울,2018-01-20,2.2,,1.6,57.6,5.1,.2,
108,서울,2018-01-21,.4,,1,36.6,2,-.5,
108,서울,2018-01-22,.2,3.3,1.5,56.5,9.4,-.2,
108,서울,2018-01-23,-11.7,,3.7,42,.3,-4.4,
108,서울,2018-01-24,-14.2,,3.4,31.6,0,-8.3,
108,서울,2018-01-25,-14,,2.8,32.6,3.6,-8.5,
108,서울,2018-01-26,-14.8,,2.6,34.9,0,-9.3,
108,서울,2018-01-27,-9.9,,1.4,37.4,1.8,-7.5,
108,서울,2018-01-28,-6.3,,2.6,36,3.3,-4.4,
108,서울,2018-01-29,-8.5,,2.7,35,.1,-6.2,
108,서울,2018-01-30,-5.3,2.9,1.3,62,5.8,-4.6,
108,서울,2018-01-31,-2.6,0,1.6,54.5,7.4,-1.8,
108,서울,2018-02-01,-4,,1.6,44.1,0,-3.1,
108,서울,2018-02-02,-2.4,,1.6,51.1,1.9,-2.8,
108,서울,2018-02-03,-7.3,.5,3.8,47,1.3,-3.7,
108,서울,2018-02-04,-9.5,,3.1,40.9,0,-6.6,
108,서울,2018-02-05,-9.4,,3,37.8,.1,-6.8,
108,서울,2018-02-06,-10.1,,3.1,36.5,1.1,-6.9,
108,서울,2018-02-07,-8,,1.5,39.8,1,-6.1,
108,서울,2018-02-08,-4.4,,1.2,43.3,.3,-3.9,
108,서울,2018-02-09,.4,,1.1,43.9,9.1,-1.3,
108,서울,2018-02-10,-.5,,3,47.4,6.5,.2,
108,서울,2018-02-11,-6.1,0,2.7,42.5,3.5,-3.4,
108,서울,2018-02-12,-5.8,0,2.7,40.8,4.1,-3.2,
108,서울,2018-02-13,-.8,,2.7,54.5,3.1,-1.5,
108,서울,2018-02-14,3.5,,2.6,51,7.4,1.7,
108,서울,2018-02-15,-.7,,2.5,28,3.8,.9,
108,서울,2018-02-16,-1.1,,2.1,40.1,3.3,-.1,
108,서울,2018-02-17,-3,,2.9,25.6,1.9,-.8,
108,서울,2018-02-18,-.4,,1.3,26.9,7.4,-.1,
108,서울,2018-02-19,1.8,,1.5,48.6,6.1,1.1,
108,서울,2018-02-20,.9,,2.5,41,5,1.2,
108,서울,2018-02-21,-.9,,2.3,31.5,1.6,.2,
108,서울,2018-02-22,1.3,.4,2.2,59,5.8,.2,
108,서울,2018-02-23,4.2,3.7,1.9,81.1,7,2.4,
108,서울,2018-02-24,2.4,,2.1,49.4,6.1,2.8,
108,서울,2018-02-25,1.9,,1.7,40.6,2.4,2.7,
108,서울,2018-02-26,3.1,,1.4,43.1,1.3,2.5,
108,서울,2018-02-27,4.2,,.9,48.8,8.5,.4,
108,서울,2018-02-28,4.6,25,2,73.3,10,2,
108,서울,2018-03-01,-.2,.5,3.8,61.9,4.4,2.5,
108,서울,2018-03-02,-.7,,1.5,34,2.4,1.1,
108,서울,2018-03-03,7.9,0,1.5,38.1,4.1,5.3,
108,서울,2018-03-04,9.8,11.5,1.2,89.1,10,7.6,
108,서울,2018-03-05,5.5,3.5,2,67.5,5.4,6.7,
108,서울,2018-03-06,4.5,,1.6,46.8,2.1,4.1,
108,서울,2018-03-07,6.4,.5,1.8,54,8.6,4.4,
108,서울,2018-03-08,4.6,4,1.9,76,8.1,6.5,
108,서울,2018-03-09,4.5,,1.5,63.3,5.9,4.3,
108,서울,2018-03-10,4.6,,2,65.8,4.6,5,
108,서울,2018-03-11,6.4,,2,51.3,2.8,7.2,
108,서울,2018-03-12,8,,1.4,45.8,3.3,6.6,
108,서울,2018-03-13,12.4,,1.8,60.5,5.9,10.6,
108,서울,2018-03-14,17,,2.3,58.8,6,14.8,
108,서울,2018-03-15,12.4,27,2.1,92.1,9.8,12.2,
108,서울,2018-03-16,7.1,,1.9,46.9,1.4,9.6,
108,서울,2018-03-17,6.6,,1.5,48,4.4,7.9,
108,서울,2018-03-18,8.2,.5,1.2,55.9,9.8,8.8,
108,서울,2018-03-19,8,1,2.5,64.5,9.5,7.5,
108,서울,2018-03-20,4.7,,3.4,39.9,6.9,5.2,
108,서울,2018-03-21,2.1,1,1.7,64.1,9.9,3.2,
108,서울,2018-03-22,4.9,,2.2,61.5,1.5,7.3,
108,서울,2018-03-23,6.1,,2,55.3,4.6,7.6,
108,서울,2018-03-24,7.6,,2.1,61.9,6.3,9.5,
108,서울,2018-03-25,9.6,,1.7,65.6,3.4,11.2,
108,서울,2018-03-26,11,,1.9,64.5,3.6,12.2,5.68
108,서울,2018-03-27,13.3,,1.6,61.1,2.6,12.6,
108,서울,2018-03-28,14,,2.2,66.4,4.3,13.1,
108,서울,2018-03-29,15.4,,1.6,66.3,4.9,15.1,
108,서울,2018-03-30,14.8,,1.7,55.6,.5,14.9,
108,서울,2018-03-31,14,,1.9,52.9,4.4,14.5,
108,서울,2018-04-01,15.6,,1.5,68.8,9.1,14.3,
108,서울,2018-04-02,18.4,,1.9,64,6.1,17.8,
108,서울,2018-04-03,17.8,.1,2.1,72.9,9.1,17.2,
108,서울,2018-04-04,13.4,18.5,1.9,67,6.1,15.9,
108,서울,2018-04-05,7.6,10.5,2,90.6,9.9,8.9,
108,서울,2018-04-06,5.8,6.5,3.1,71.6,8.9,8.7,
108,서울,2018-04-07,4.2,.2,4.1,45.5,5.1,6.2,
108,서울,2018-04-08,3.9,3,1.8,59.6,6.1,5.2,
108,서울,2018-04-09,7.9,,1.1,57.9,2.6,10,1.9
108,서울,2018-04-10,15.1,5,3.5,51,6.3,13,
108,서울,2018-04-11,12.6,,3,49.4,2.6,15.1,
108,서울,2018-04-12,13.3,,2.6,30.5,1.3,13.6,
108,서울,2018-04-13,14.6,,1.3,22.9,8.9,12.1,
108,서울,2018-04-14,9,9,1.8,78.8,8.9,9.4,
108,서울,2018-04-15,9.5,,2.4,65.5,3.1,11.4,
108,서울,2018-04-16,11.6,,1.6,41.9,1,13.3,
108,서울,2018-04-17,12.9,,1.9,37.9,.9,14.2,
108,서울,2018-04-18,12.4,,1.9,35.4,.4,16.2,
108,서울,2018-04-19,14,,1.9,38.8,0,17.5,
108,서울,2018-04-20,18.4,,1.3,46,.5,20.6,
108,서울,2018-04-21,18.7,,1.9,32,3.4,21.4,
108,서울,2018-04-22,15.5,15.5,1.1,57.4,9.5,14.4,
108,서울,2018-04-23,9.3,59,2.2,93.9,10,9.9,
108,서울,2018-04-24,12.1,3,1.4,63.3,8,12.6,
108,서울,2018-04-25,14.6,,1.5,37.8,.8,16.1,
108,서울,2018-04-26,14.9,,2.1,51.9,3.9,17.9,
108,서울,2018-04-27,15.7,,1.7,52.9,.1,19.3,
108,서울,2018-04-28,15.4,,2,49,0,20,
108,서울,2018-04-29,16.2,,1.9,43.1,2.4,20.5,
108,서울,2018-04-30,19.2,,1.6,61.6,5.5,23,
108,서울,2018-05-01,20.4,0,1.5,72.8,8.5,23.5,
108,서울,2018-05-02,15.1,12,1.9,90.4,9.9,16,
108,서울,2018-05-03,11.2,1,2.7,62.4,3.6,11.4,
108,서울,2018-05-04,14.1,,2.7,45.5,1.4,17.9,
108,서울,2018-05-05,18.3,,2.6,46.8,6,20.4,
108,서울,2018-05-06,16.6,22,1.1,86.4,9.3,17.2,
108,서울,2018-05-07,19.2,,1.2,60.3,6,18.4,
108,서울,2018-05-08,17.5,,1.7,50.9,3,21.3,
108,서울,2018-05-09,15.7,,1.7,50.4,.1,21.7,
108,서울,2018-05-10,15.4,,2.3,67.4,3.1,22.5,
108,서울,2018-05-11,16.1,,1.8,59.8,9.5,21,
108,서울,2018-05-12,14.2,32,.9,89.3,10,14.6,
108,서울,2018-05-13,15.8,.5,1.9,82.5,5.3,18.4,1.58
108,서울,2018-05-14,18.2,,1.4,71.4,6.6,21.2,
108,서울,2018-05-15,23.2,0,1.1,56.4,8.5,25.3,
108,서울,2018-05-16,22.3,45,1.9,93.8,10,21.6,
108,서울,2018-05-17,20.9,83,1.4,97,10,21.2,.33
108,서울,2018-05-18,16.3,6.5,1.3,86.8,8.3,18.2,
108,서울,2018-05-19,17.6,,1.5,47.5,0,21.2,
108,서울,2018-05-20,17,,1.4,32.1,4.6,16.9,
108,서울,2018-05-21,17.8,,1.4,43.9,3.9,21.8,
108,서울,2018-05-22,18.1,12.5,1.1,75.5,9,19,
108,서울,2018-05-23,17.3,6.5,2.5,57.1,1.4,21.9,
108,서울,2018-05-24,18.3,,2.2,47.4,.5,22.1,
108,서울,2018-05-25,19.7,,1.8,47.4,3.4,23.1,
108,서울,2018-05-26,21.8,,1.4,50.1,1,26.3,
108,서울,2018-05-27,20.3,,1.7,47.4,7.3,23.6,
108,서울,2018-05-28,22.3,,1.6,49.8,3.8,27.9,
108,서울,2018-05-29,21.4,1,1.8,69.3,9.4,25.2,
108,서울,2018-05-30,20.2,0,1.9,69.8,4.6,24.8,
108,서울,2018-05-31,20.9,,1.9,58.9,.9,28.3,
108,서울,2018-06-01,23.8,,1.9,50.4,0,30.6,
108,서울,2018-06-02,23.4,,2,44.5,1.4,30.8,
108,서울,2018-06-03,24,,1.6,39.4,4,31,
108,서울,2018-06-04,22.6,,1.9,50.1,7.9,27.4,
108,서울,2018-06-05,23.7,,1.7,52.5,1.4,30.7,
108,서울,2018-06-06,23,,2,62.9,1,30.9,
108,서울,2018-06-07,22.2,,2,69.3,4.5,30,
108,서울,2018-06-08,21.9,,2.1,68,5.5,31.1,
108,서울,2018-06-09,23.7,.5,1.4,60.6,6.6,29.7,
108,서울,2018-06-10,21.3,.5,1.4,59.9,9.5,23.7,
108,서울,2018-06-11,20.2,5,1.4,67.3,8.5,24.5,
108,서울,2018-06-12,21.3,0,1.7,65.5,4.5,26.2,
108,서울,2018-06-13,22,0,1.5,64,7.4,25.3,
108,서울,2018-06-14,21.6,29,1.1,74.9,9.5,22.7,
108,서울,2018-06-15,21.7,16.5,1.4,60.8,6.1,24,
108,서울,2018-06-16,22.5,,1.4,56.4,.8,26.8,
108,서울,2018-06-17,22.8,,1.3,66.9,7.8,25.3,
108,서울,2018-06-18,24.8,,1.5,54.9,3.6,30.4,
108,서울,2018-06-19,22.4,,1.8,61.3,8.1,26.4,
108,서울,2018-06-20,22.7,,2.3,68.1,5.4,28.9,
108,서울,2018-06-21,23.7,,2.2,60.1,3,32.2,
108,서울,2018-06-22,25,,1.8,45.1,5.1,30.6,
108,서울,2018-06-23,24.5,,2,50.6,8,30.7,
108,서울,2018-06-24,25.2,,1.9,62.8,4,32.8,
108,서울,2018-06-25,27.1,,1.2,57.1,7.9,31.7,
108,서울,2018-06-26,22.3,71.5,2.4,88.3,10,22.5,.97
108,서울,2018-06-27,22.3,1,2,81.9,8.8,23.7,
108,서울,2018-06-28,23.3,26.5,1.1,85.1,9.5,24.5,
108,서울,2018-06-29,24.7,6.5,1.5,78.5,7.3,26.6,
108,서울,2018-06-30,24.4,14.5,.9,83.8,9.1,24.7,
108,서울,2018-07-01,21.9,83.5,.8,94.6,9.9,22.2,
108,서울,2018-07-02,22.6,59.5,.7,95.4,9.6,23.5,
108,서울,2018-07-03,27.4,.1,.8,74.4,6,29.1,
108,서울,2018-07-04,27.3,,1.7,69.6,7.1,30,
108,서울,2018-07-05,25.3,.5,1.2,72.8,8.6,27,
108,서울,2018-07-06,23.9,,1.8,57.8,8.5,27,
108,서울,2018-07-07,23.7,,1.6,51.4,3.6,30.9,
108,서울,2018-07-08,23.3,,1.5,51.5,7,29.8,
108,서울,2018-07-09,20.8,14,1.1,82.3,9.9,22.4,
108,서울,2018-07-10,23.7,16.5,.7,87.8,9.8,23.9,
108,서울,2018-07-11,26.8,3,1.3,82.9,9.6,26.9,
108,서울,2018-07-12,26.6,1,1.5,82.4,7.5,27,
108,서울,2018-07-13,27.3,,1.8,74.8,6.4,28.9,
108,서울,2018-07-14,27.9,0,1.9,69.6,5,30.6,
108,서울,2018-07-15,28.3,,1.6,69.6,2.6,32.6,
108,서울,2018-07-16,28.7,,1.7,64.3,.4,33.4,
108,서울,2018-07-17,28.1,,1.7,66.5,1.3,34.3,
108,서울,2018-07-18,28.2,,1.6,64.8,.8,34.2,
108,서울,2018-07-19,28.7,,1.6,64.1,.1,35.6,
108,서울,2018-07-20,29.5,,1.5,62.6,.4,35.7,
108,서울,2018-07-21,30.6,,1.5,53.6,.3,36.1,
108,서울,2018-07-22,31.8,,1.4,49.6,3.5,37.3,
108,서울,2018-07-23,31.7,,1.8,53.8,7.9,37.1,
108,서울,2018-07-24,31.4,,1.6,59.5,4.4,35.8,
108,서울,2018-07-25,30.1,,2.4,66.3,6.3,36.1,
108,서울,2018-07-26,30.1,,1.5,68.8,5.8,32.7,
108,서울,2018-07-27,30.9,,1.9,69.3,2.3,36.2,
108,서울,2018-07-28,29.5,7.5,1.2,77.1,5.5,30.1,
108,서울,2018-07-29,31.3,,1.2,52.4,2.4,32.2,
108,서울,2018-07-30,31.7,,1.2,50.9,3.1,34,
108,서울,2018-07-31,32.6,,1.5,50.5,2.8,38.8,
108,서울,2018-08-01,33.6,,1.7,55.5,.8,40.1,
108,서울,2018-08-02,33.7,,1.6,54.4,4,36.8,
108,서울,2018-08-03,33.1,,1.9,55.3,1,39.3,
108,서울,2018-08-04,31.1,,2.4,60.6,3.4,37.8,
108,서울,2018-08-05,30,2,2.6,71.8,6.5,34.9,
108,서울,2018-08-06,30.5,6.5,1.6,71.6,7.6,31.4,
108,서울,2018-08-07,30.5,,1.5,63.4,3.6,29.7,
108,서울,2018-08-08,31,,2.1,64.8,3,35.5,
108,서울,2018-08-09,28.8,2,1.5,76.3,7.3,32.5,
108,서울,2018-08-10,30.7,,1.4,60.9,3.5,32.7,
108,서울,2018-08-11,31,,1.5,55.8,2.9,36.3,
108,서울,2018-08-12,30.6,5,1.5,61.3,6.5,34.7,
108,서울,2018-08-13,30.5,1,1.4,68.6,7.3,29.9,
108,서울,2018-08-14,31.7,,1.3,58.3,6.9,34.7,
108,서울,2018-08-15,31.7,1,1.2,59.5,6.4,34,
108,서울,2018-08-16,29.9,,1.7,51,3.3,35.5,
108,서울,2018-08-17,27.2,,1.8,39.8,0,34.6,
108,서울,2018-08-18,26.7,,1.4,44.6,5,34.1,
108,서울,2018-08-19,28.2,,1.2,50.6,7.9,34.4,
108,서울,2018-08-20,29.1,0,2,55.6,8.4,32.7,
108,서울,2018-08-21,26.6,5,2.5,71.4,6.3,27,
108,서울,2018-08-22,30.7,,1.1,54.1,4.5,34.6,
108,서울,2018-08-23,29.4,3,1.7,59.1,9.5,31.5,
108,서울,2018-08-24,24.4,7.5,2.5,86.3,9.6,24.7,
108,서울,2018-08-25,25.2,,2.6,68,7,25.6,
108,서울,2018-08-26,23.2,2,1.2,70,6.4,24.3,
108,서울,2018-08-27,22.7,19.5,.8,91,8.9,24.4,
108,서울,2018-08-28,23.7,96.5,.9,92.4,9,24.4,
108,서울,2018-08-29,25.2,42,2.4,86,10,24.8,
108,서울,2018-08-30,25.3,9.5,1.8,80.9,9.4,25.8,
108,서울,2018-08-31,25.6,.1,1.6,67.4,4.5,27.2,
108,서울,2018-09-01,25.5,,1.3,59.4,1.5,26.5,
108,서울,2018-09-02,25.1,,1.5,55.8,5.5,28.4,
108,서울,2018-09-03,23.3,34.5,1,85.3,9.8,24.3,
108,서울,2018-09-04,23.2,,2.2,69.4,5.1,24,
108,서울,2018-09-05,24,,2.5,63.5,1.9,24.8,
108,서울,2018-09-06,24.1,1,2,69.9,7.9,24.7,
108,서울,2018-09-07,22,.5,2.5,54.6,4.9,23.3,
108,서울,2018-09-08,21.7,,1.7,48.8,.3,24.5,
108,서울,2018-09-09,22.2,,1.2,49,1.4,26.4,
108,서울,2018-09-10,22.9,,1.6,49.5,2.4,26.2,
108,서울,2018-09-11,21.6,,1.5,48.1,7.5,24.5,
108,서울,2018-09-12,22.8,,1.4,52,4.1,26.8,
108,서울,2018-09-13,23.5,,1.2,63.5,7.9,27.2,
108,서울,2018-09-14,23.5,.5,1.3,66.9,8.3,25.4,
108,서울,2018-09-15,23.3,.2,1,76,9.8,24,
108,서울,2018-09-16,22.2,2,1.7,83.6,10,23.2,
108,서울,2018-09-17,22.3,.1,1.9,64.3,5.3,25.8,
108,서울,2018-09-18,22,,1.2,59.8,8.3,25.5,
108,서울,2018-09-19,22.1,.2,1,59.1,9.5,24.4,
108,서울,2018-09-20,19,5,1.8,82.4,10,19.8,
108,서울,2018-09-21,19.4,18,1.3,85.8,9.3,20.8,
108,서울,2018-09-22,20.8,6.5,1.8,62.3,2.1,21.1,
108,서울,2018-09-23,19.4,0,1.6,52.9,4.4,19.9,
108,서울,2018-09-24,17.6,,2.1,48.3,1.1,19.3,
108,서울,2018-09-25,17.8,,1.1,48,2.1,19.8,
108,서울,2018-09-26,19.4,,1.7,47.9,5,21.8,
108,서울,2018-09-27,18.9,,1.3,47.6,.9,20,
108,서울,2018-09-28,17.5,,1.2,58.1,6.1,18.6,
108,서울,2018-09-29,20.2,,1,55.5,.4,21.9,
108,서울,2018-09-30,17.6,,2.3,52.5,.6,21.2,
108,서울,2018-10-01,15.4,0,2.9,55.1,4.5,19,
108,서울,2018-10-02,15.9,,1.6,61.4,.5,19.4,
108,서울,2018-10-03,17.3,,1.3,58,0,19.8,
108,서울,2018-10-04,19.3,,1.3,56.5,6.5,20.7,
108,서울,2018-10-05,16.9,36.5,1.7,84.1,9.8,17,
108,서울,2018-10-06,18,55.5,2.2,84,7.5,18.8,
108,서울,2018-10-07,16.4,,1.7,53.5,2.9,16.2,
108,서울,2018-10-08,14.8,,1.1,47,4.4,14.1,
108,서울,2018-10-09,15.3,0,1.1,52.5,9,14.3,
108,서울,2018-10-10,12,7,2.5,61,6.8,13.1,
108,서울,2018-10-11,9.7,,2.1,51,1.4,8.9,
108,서울,2018-10-12,10.9,,1.3,54,0,12.7,
108,서울,2018-10-13,12.5,,1,54,0,13.8,
108,서울,2018-10-14,13.2,,1.5,60,3.4,14.9,
108,서울,2018-10-15,15.2,,1.4,69.9,4,15.7,
108,서울,2018-10-16,14.5,,1.3,55.9,5.6,15.4,
108,서울,2018-10-17,12.4,,1.3,53.3,0,14.9,
108,서울,2018-10-18,12.7,,1.1,59.5,3.1,14.8,
108,서울,2018-10-19,13.1,,1.4,54.3,0,14.9,
108,서울,2018-10-20,13.4,,1.2,53.9,1.1,15.1,
108,서울,2018-10-21,13.4,,1.1,49.5,2.4,14.8,
108,서울,2018-10-22,14,,1,50,5.3,15.1,
108,서울,2018-10-23,12.2,5,1.1,75.1,5.4,13.1,
108,서울,2018-10-24,12.5,,1.3,66,.5,12.4,
108,서울,2018-10-25,13.8,,.9,55.5,4,12.7,
108,서울,2018-10-26,12.2,11,1.6,74.1,7.5,12.8,
108,서울,2018-10-27,8.7,,3.2,49.6,1.6,8.7,
108,서울,2018-10-28,8.3,5.5,1.5,77.1,7.3,8.8,
108,서울,2018-10-29,7.2,0,2,57.3,5.9,7.5,
108,서울,2018-10-30,6.1,0,1.6,51.3,3.3,6.9,
108,서울,2018-10-31,7.4,0,1.6,55.4,.8,8,
108,서울,2018-11-01,8.4,,1.3,53.4,0,8.1,
108,서울,2018-11-02,10.6,,1.1,54.9,0,9.8,
108,서울,2018-11-03,11.2,,1.3,56,0,10.3,
108,서울,2018-11-04,11.6,,1.3,55,2.1,11,
108,서울,2018-11-05,11.9,,1.1,65.5,5.3,11.4,
108,서울,2018-11-06,12.2,,.9,70.5,6.9,12,
108,서울,2018-11-07,12.8,2,1.1,79.5,9.9,13.2,.8
108,서울,2018-11-08,11.8,64,1.8,93.8,10,13.1,
108,서울,2018-11-09,12.1,1,3.1,69,7.9,12.5,
108,서울,2018-11-10,11.9,0,1.4,69.1,3.1,11.5,
108,서울,2018-11-11,8.1,0,1.1,67.6,6.4,8.1,
108,서울,2018-11-12,8.1,,1.2,52.3,0,7.1,
108,서울,2018-11-13,8.8,,1.1,51.6,.4,7.8,
108,서울,2018-11-14,9.8,,1.1,55.5,.1,8.4,
108,서울,2018-11-15,9.7,,1,55.4,4.8,8.6,
108,서울,2018-11-16,8.8,,1.7,65.1,6.5,8.9,
108,서울,2018-11-17,4.9,,1.4,50.8,4.6,3.9,
108,서울,2018-11-18,6.1,,1.1,48.8,6.9,5.6,
108,서울,2018-11-19,6.5,,1.4,50.4,1.9,5.6,
108,서울,2018-11-20,6.5,.2,1.8,39.9,2,5.3,
108,서울,2018-11-21,5.8,1,1.2,57.1,8.4,6.3,
108,서울,2018-11-22,2.3,,2.4,35,.8,2.2,
108,서울,2018-11-23,1.9,,1.4,29.6,3.1,1.5,
108,서울,2018-11-24,2.6,10.9,1.8,71.1,9,.6,
108,서울,2018-11-25,4.8,,1,77.8,3.8,3.3,
108,서울,2018-11-26,6.3,,1,70.1,.6,4.7,
108,서울,2018-11-27,7.1,,1.5,65,6.1,5.2,
108,서울,2018-11-28,5,,1.6,27.1,3.8,3.2,
108,서울,2018-11-29,3.5,0,1.3,41.4,5.8,1.3,
108,서울,2018-11-30,2.7,,1.4,46.1,1,2.1,
108,서울,2018-12-01,5.5,,1,42.3,3.6,3.2,
108,서울,2018-12-02,8.2,,1.3,50.1,6.5,5.1,
108,서울,2018-12-03,11.5,9.5,1.4,87.4,9.9,9.4,1.05
108,서울,2018-12-04,6.7,5,2.7,74.9,7.8,7.5,3
108,서울,2018-12-05,0,,1.5,39.5,6.4,.8,
108,서울,2018-12-06,2.4,0,2.3,50.5,8.1,2.6,
108,서울,2018-12-07,-7.3,,3.8,37.1,1.1,-3.3,
108,서울,2018-12-08,-8.3,,2.6,37.1,1.4,-5.2,
108,서울,2018-12-09,-7.2,,1.5,27,2,-4.9,
108,서울,2018-12-10,-2.5,,.9,33.3,3,-2.3,
108,서울,2018-12-11,.2,,1.2,44.8,7.9,-.6,
108,서울,2018-12-12,-1.9,,2.2,39,0,-1,
108,서울,2018-12-13,-2.2,1.3,2,57.4,5,-.6,
108,서울,2018-12-14,-4.4,,1.7,44.3,0,-2.3,
108,서울,2018-12-15,-2.4,,1,46.8,3.6,-1.9,
108,서울,2018-12-16,0,.3,.9,63.8,9.3,-.3,
108,서울,2018-12-17,1.6,.3,1.8,60.1,1.3,.7,
108,서울,2018-12-18,2.6,,1.4,56.3,3,-.4,
108,서울,2018-12-19,4,,1.4,53.4,2.9,2.6,
108,서울,2018-12-20,3.4,,.9,45.5,3.1,2.1,
108,서울,2018-12-21,5.6,,1.1,40.1,8.5,2.1,
108,서울,2018-12-22,6.9,,1.5,48.9,4.3,5,
108,서울,2018-12-23,2.4,,2.9,43,2.6,3.3,
108,서울,2018-12-24,-2.3,,1.6,35.9,.3,-.2,
108,서울,2018-12-25,.6,,1.2,53.4,7.4,-.3,
108,서울,2018-12-26,-1.5,,2.8,40.8,4.4,1.4,
108,서울,2018-12-27,-10.1,,3.5,28.3,.5,-4,
108,서울,2018-12-28,-10.5,,2.5,33,.6,-5.4,
108,서울,2018-12-29,-7.6,,2.9,29,0,-4.3,
108,서울,2018-12-30,-6.8,,1.2,35.9,.8,-4.3,
108,서울,2018-12-31,-5.4,,1.2,39.6,1.6,-4.5,
108,서울,2019-01-01,-5,,2.1,49.5,3.4,-3.9,
108,서울,2019-01-02,-4.9,,1.7,42.8,0,-3.3,
108,서울,2019-01-03,-3.5,,1.4,38.8,.1,-2.6,
108,서울,2019-01-04,-1.1,,1.2,55.5,5.5,-1.4,
108,서울,2019-01-05,-2.8,,2.2,40.3,.5,-1.2,
108,서울,2019-01-06,-2.8,,1.2,35,3.1,-1.2,
108,서울,2019-01-07,-1.9,,1.4,46.4,4,-2,
108,서울,2019-01-08,-3.5,,2.6,31,0,-2,
108,서울,2019-01-09,-4.7,,1.3,28.8,4.9,-4.1,
108,서울,2019-01-10,-.6,,1.3,48.8,8.1,-.7,
108,서울,2019-01-11,2.4,,1,58.8,6.1,1.2,
108,서울,2019-01-12,2.8,,1.3,47.6,3.9,2.6,
108,서울,2019-01-13,1.2,,1.4,54.3,0,.5,
108,서울,2019-01-14,1.4,,.9,68.6,4.5,-.3,
108,서울,2019-01-15,-1.7,0,2.7,58.8,3.8,.7,
108,서울,2019-01-16,-5.2,0,2.3,45.9,4.1,-1.8,
108,서울,2019-01-17,-.3,0,1.7,45.8,1.8,.7,
108,서울,2019-01-18,.6,,1.3,44,3,-.3,
108,서울,2019-01-19,3.6,,1.2,59.8,7.8,2.1,
108,서울,2019-01-20,-1.4,,3.2,38.5,1.1,1,
108,서울,2019-01-21,-1.2,0,1.6,57.8,4.1,-2.6,
108,서울,2019-01-22,1.7,,1.7,62,1.1,-.7,
108,서울,2019-01-23,2,,2.3,48.9,.9,1.3,
108,서울,2019-01-24,.1,,1.7,34.9,2.1,.2,
108,서울,2019-01-25,-1.2,,2.6,27.6,1.3,0,
108,서울,2019-01-26,-2.5,,2.4,30.9,0,-.6,
108,서울,2019-01-27,-.1,,1.7,52.5,4.3,-.4,
108,서울,2019-01-28,1.2,0,3.1,40.4,1.3,2.1,
108,서울,2019-01-29,-.2,,1.5,35.5,2.1,.3,
108,서울,2019-01-30,1.8,,1.5,54.6,6.9,1.6,
108,서울,2019-01-31,-2,,2.9,29,7,.6,
108,서울,2019-02-01,-2.1,.3,1.7,47.6,3,-2,
108,서울,2019-02-02,1.4,0,1,60,7.5,-.2,
108,서울,2019-02-03,3.3,16,1.7,92.9,9.3,2.2,1.08
108,서울,2019-02-04,-.6,,2.1,40.4,2.4,1.4,
108,서울,2019-02-05,2.8,,1,37.1,3.9,1.9,
108,서울,2019-02-06,5.1,,1.3,54.9,8.1,2.5,
108,서울,2019-02-07,-2.1,.5,3.5,45.5,4.3,2.4,
108,서울,2019-02-08,-6.1,,2.3,31.5,6.1,-2.4,
108,서울,2019-02-09,-5.4,,2.7,30,4.4,-2.2,
108,서울,2019-02-10,-5,,1.7,31.3,7.5,-2.6,
108,서울,2019-02-11,-3,,2.3,34.9,.4,-.6,
108,서울,2019-02-12,-.6,0,1.9,35.5,5.6,1.2,
108,서울,2019-02-13,-2.1,,2.4,26.6,1.8,.4,
108,서울,2019-02-14,-.5,,1.4,24.3,5.3,1.2,
108,서울,2019-02-15,-.8,2.2,1.9,72.8,9.1,-.2,
108,서울,2019-02-16,-2.7,.2,2.6,59,2.4,1.1,
108,서울,2019-02-17,-1.8,,1.9,47.4,.1,0,
108,서울,2019-02-18,.9,,1.3,43.5,7.4,-.6,
108,서울,2019-02-19,1.4,4.6,1.4,80.8,9.4,0,
108,서울,2019-02-20,1.7,0,2.1,67.8,6.5,1.8,
108,서울,2019-02-21,2.4,,1.5,59.4,0,3.1,
108,서울,2019-02-22,4,,1.5,56.1,5.4,4,
108,서울,2019-02-23,6.8,,1.1,41,2.9,5.2,
108,서울,2019-02-24,6.3,,1.8,45,1.6,5,
108,서울,2019-02-25,4.7,,2.3,55.8,4.8,5.7,
108,서울,2019-02-26,5.2,,1.6,32.8,3.6,5.3,
108,서울,2019-02-27,7.8,,1.6,31.3,7.5,6.5,
108,서울,2019-02-28,6.6,,2,39.5,3.3,5.9,
108,서울,2019-03-01,6.6,,2.1,42.3,.3,6.1,
108,서울,2019-03-02,7.8,,1.1,37.6,5.8,5.9,
108,서울,2019-03-03,9.4,,1.5,36.4,4.8,7.7,
108,서울,2019-03-04,9.9,,1.9,46.1,2.3,10.5,
108,서울,2019-03-05,8.4,,2,66.3,8.6,8.7,
108,서울,2019-03-06,8.4,,2,55,6.3,9.1,
108,서울,2019-03-07,7,,2.2,51.1,1.5,9.9,
108,서울,2019-03-08,6.1,,1.9,39.4,.1,8.2,
108,서울,2019-03-09,7.2,,1.3,31.8,5.4,8.4,
108,서울,2019-03-10,10.1,,1.2,26.4,7.1,10.1,
108,서울,2019-03-11,6.6,0,1.8,61,4.9,8.1,
108,서울,2019-03-12,3.9,0,2.7,55.1,4.9,3.3,
108,서울,2019-03-13,3.5,0,3.3,38.5,1.8,6.6,
108,서울,2019-03-14,5,0,1.9,45.3,5.5,5.9,
108,서울,2019-03-15,5.5,3.5,1.6,72.8,7.4,10.9,
108,서울,2019-03-16,4.3,,1.8,69.9,5.5,5.3,
108,서울,2019-03-17,6.3,,2,55.4,2,8.8,
108,서울,2019-03-18,7.1,,1.4,43.8,6.3,8.3,
108,서울,2019-03-19,10,,1.4,52,1.4,10.3,
108,서울,2019-03-20,10.3,16.5,1.4,79,8.8,8.6,
108,서울,2019-03-21,7.1,3.3,2.9,77.4,7.9,8.3,1.4
108,서울,2019-03-22,3.3,,2.8,40.9,.8,5.5,
108,서울,2019-03-23,3.3,1.7,2.4,46.9,3,4.1,
108,서울,2019-03-24,4.3,,2.3,45.4,.1,5.7,
108,서울,2019-03-25,7.3,,2,56.1,6.6,5.9,
108,서울,2019-03-26,11.4,,2,51.1,2.6,13.1,
108,서울,2019-03-27,11.6,,3,66.4,8.5,11.6,
108,서울,2019-03-28,9.4,,2.6,49.9,6.1,12.3,
108,서울,2019-03-29,9.2,,2.1,33.1,4.6,13.3,
108,서울,2019-03-30,5.2,1.8,2.9,72,9.4,6.9,
108,서울,2019-03-31,4.4,0,3.2,46,5.1,5.3,
108,서울,2019-04-01,5.5,,2.5,39.8,1.3,8.1,
108,서울,2019-04-02,6.7,,2.2,36.9,.3,9.7,
108,서울,2019-04-03,7.6,,2.3,36.1,.3,11.1,
108,서울,2019-04-04,9.2,,2.5,43,0,12.4,
108,서울,2019-04-05,11.4,0,2.9,41,3,14.2,
108,서울,2019-04-06,9.3,.8,1.1,39.9,8.5,8.9,
108,서울,2019-04-07,12.6,,1.7,43.1,4.4,15.1,
108,서울,2019-04-08,11.6,,2.5,25.6,3.3,15.4,
108,서울,2019-04-09,9.2,17.4,2.4,49.1,9.4,10.3,
108,서울,2019-04-10,7.1,5.6,1.8,78.4,8.3,8.6,
108,서울,2019-04-11,9.5,,1.9,58,4.6,10.3,
108,서울,2019-04-12,11.4,,2.2,48.5,1.8,14.3,
108,서울,2019-04-13,11.8,,1.8,34,5.6,14.7,
108,서울,2019-04-14,9.6,1.7,2.2,45.5,6,9.5,
108,서울,2019-04-15,11.6,,1.8,30.9,0,13.4,
108,서울,2019-04-16,14.9,,1.6,26.3,4.8,15.9,
108,서울,2019-04-17,15.3,,1.9,37.5,3.9,18,
108,서울,2019-04-18,12.6,0,2,74.4,6.3,12.5,
108,서울,2019-04-19,13.8,,1.6,57.5,4.8,17.1,
108,서울,2019-04-20,14.3,1.2,1.9,66.9,7.1,17.5,
108,서울,2019-04-21,14.8,.3,1.9,77.8,7.9,18.1,
108,서울,2019-04-22,19.3,,1.4,50.6,2.3,21.6,
108,서울,2019-04-23,20.4,0,1.3,52,8.4,20.3,
108,서울,2019-04-24,19.5,4.1,1.6,70.4,5,21,
108,서울,2019-04-25,13.2,11.3,2,75.9,9.4,14,
108,서울,2019-04-26,8.4,4.9,1.5,82.1,8,10.2,
108,서울,2019-04-27,11.6,,1.7,52.6,4.8,14.1,
108,서울,2019-04-28,12.9,0,1.6,48.8,8.1,13.9,
108,서울,2019-04-29,13,,.9,52.9,5.8,12.3,
108,서울,2019-04-30,15.5,,1.6,52.8,4.4,18.1,
108,서울,2019-05-01,16.4,,2.3,48.9,1.9,20.2,
108,서울,2019-05-02,17.1,,2.3,28.5,0,21.3,
108,서울,2019-05-03,17.9,,1.6,37.5,0,21.9,
108,서울,2019-05-04,19.5,,1.7,40.4,4.9,22.3,
108,서울,2019-05-05,19.2,,2.2,35.8,5.1,23.9,
108,서울,2019-05-06,14.5,0,3.1,27.1,.3,22.8,
108,서울,2019-05-07,15,,2.3,33.4,0,22.1,
108,서울,2019-05-08,15.6,,2.3,48.3,6.1,21.3,
108,서울,2019-05-09,16.6,,2.2,43.3,3.1,23.9,
108,서울,2019-05-10,17.8,,1.9,48,3.5,24.4,
108,서울,2019-05-11,20.3,,1.8,39,2,26.4,
108,서울,2019-05-12,21.6,,1.5,36,4.3,26.8,
108,서울,2019-05-13,18.7,0,1.6,43.4,8.3,19.2,
108,서울,2019-05-14,19.6,,1.6,44.5,1.6,25.8,
108,서울,2019-05-15,20.7,,1.7,48.1,4.5,26.8,
108,서울,2019-05-16,23.5,,1.5,43.8,2.5,29.9,
108,서울,2019-05-17,23.6,,1.2,44.9,7.5,26.1,
108,서울,2019-05-18,22.8,0,2.1,46.8,8.5,28.2,
108,서울,2019-05-19,19.4,22,1.2,93,10,20.4,
108,서울,2019-05-20,16.4,8.7,3.4,63.6,4.5,18.6,
108,서울,2019-05-21,17.2,,2.9,52,0,21.8,
108,서울,2019-05-22,19.5,,2.4,46,1.4,25.1,
108,서울,2019-05-23,22.1,,1.7,45,0,28.5,
108,서울,2019-05-24,24.2,,1.7,46.4,1.4,30.6,
108,서울,2019-05-25,23.4,,1.6,45.6,7.9,26.7,
108,서울,2019-05-26,24.5,,1.8,39,6,30.5,
108,서울,2019-05-27,17.8,7.1,2.4,80.9,8.6,18.2,
108,서울,2019-05-28,18.1,,2.6,45.9,2.1,21.8,
108,서울,2019-05-29,20.3,,2,48.4,.4,26.2,
108,서울,2019-05-30,19.6,0,2.4,48,7.9,23.8,
108,서울,2019-05-31,19.1,,2.8,49.6,2.3,26.5,
108,서울,2019-06-01,18.9,,1.9,60.5,5.5,24.8,
108,서울,2019-06-02,21.1,,1.7,42.1,.6,27.8,
108,서울,2019-06-03,23.1,,1.8,42.9,.6,30.1,
108,서울,2019-06-04,22.6,,2.2,56.4,3,29.9,
108,서울,2019-06-05,23,,1.8,63.8,5.4,31.4,
108,서울,2019-06-06,21.2,7.5,1.2,75.9,9.1,22.4,
108,서울,2019-06-07,20,35.3,1.9,77.3,7.4,21,
108,서울,2019-06-08,21.9,,1.4,57.5,5.9,22.8,
108,서울,2019-06-09,21.6,2.5,1.8,66.1,8.9,23.7,
108,서울,2019-06-10,18.4,9.5,1.6,70.3,8,19.7,
108,서울,2019-06-11,20.5,,1.4,51.1,3.5,21.9,
108,서울,2019-06-12,21.5,,1.8,57.1,1.1,24.4,
108,서울,2019-06-13,23,,1.7,51.9,3.1,27.2,
108,서울,2019-06-14,23,,1.8,54.8,6.1,27,
108,서울,2019-06-15,21.9,2.1,2.4,61.5,3.1,26,
108,서울,2019-06-16,22,,1.6,55.4,3.9,24.7,
108,서울,2019-06-17,21.7,0,2.3,59.1,4.5,28.2,
108,서울,2019-06-18,20.8,13.8,1.5,78.6,9.5,22.5,
108,서울,2019-06-19,21.4,.2,1.9,77.8,9.4,23,
108,서울,2019-06-20,22.7,,1.9,70.6,8,25.9,
108,서울,2019-06-21,22.1,.2,1.7,72.9,7.3,25.2,
108,서울,2019-06-22,24.2,,1.5,42.3,2.1,28.8,
108,서울,2019-06-23,25,,1.8,40.4,3,30.7,
108,서울,2019-06-24,25.2,,2,46.9,1.6,32.4,
108,서울,2019-06-25,25.6,,1.6,49.1,1.3,32.6,
108,서울,2019-06-26,25.5,0,1.3,52.6,9.5,29.3,
108,서울,2019-06-27,25.5,1.4,1.4,70.5,8.3,29.5,
108,서울,2019-06-28,24.7,0,1.7,67.3,8.5,29.6,
108,서울,2019-06-29,23.1,1.5,1.2,72,8.1,24.4,
108,서울,2019-06-30,23.9,0,2.3,73.5,6.9,28.3,
108,서울,2019-07-01,23.9,,2.3,64.4,4.9,29.6,
108,서울,2019-07-02,24.4,,2.3,63.5,4,30,
108,서울,2019-07-03,24.1,,1.7,64.6,6.4,26.9,
108,서울,2019-07-04,25.4,,1.9,59.6,2.4,32.8,
108,서울,2019-07-05,27.6,0,1.5,42.1,3.8,32,
108,서울,2019-07-06,29.7,,1.7,40.9,3.4,37.1,
108,서울,2019-07-07,26.7,,2.2,43.3,7.5,33.8,
108,서울,2019-07-08,25.1,,2,46.6,6,32.9,
108,서울,2019-07-09,25,,1.8,46.4,4.9,29.8,
108,서울,2019-07-10,22.7,8.5,2,64.1,8.4,26.8,
108,서울,2019-07-11,21.9,2.9,1.3,76.9,9.9,23.2,
108,서울,2019-07-12,23.6,,2,65.5,6.8,26.1,
108,서울,2019-07-13,24.9,0,1.7,67.3,6.4,28.3,
108,서울,2019-07-14,25.9,,1.6,64.6,4.5,29.4,
108,서울,2019-07-15,23.8,7.7,1.1,80,7.5,24.6,
108,서울,2019-07-16,24.7,6.3,1.3,79,7.3,25.7,
108,서울,2019-07-17,25.6,.7,1.2,73.9,9,26.4,
108,서울,2019-07-18,26.9,,1.2,65,6.4,26.5,
108,서울,2019-07-19,28.6,0,1.5,61.3,4.6,30.9,
108,서울,2019-07-20,28,1.1,2.1,66.9,9.5,28.4,
108,서울,2019-07-21,25.1,6.2,2.2,87.1,9.4,26.6,
108,서울,2019-07-22,26.7,.1,2.2,74.6,7.5,26.9,
108,서울,2019-07-23,28.1,,1.7,70.8,8.6,29.3,
108,서울,2019-07-24,26.5,1,1.6,82.3,9.6,26.5,
108,서울,2019-07-25,26.3,9.7,1.2,90.1,9.9,26.6,
108,서울,2019-07-26,25.1,60,1.7,95.3,9.9,25.4,
108,서울,2019-07-27,28.4,.6,1.3,76.6,7.6,29.6,
108,서울,2019-07-28,26.1,25.6,2.2,88.3,9.8,26.4,
108,서울,2019-07-29,27.5,.5,2.6,74.5,8,27.5,
108,서울,2019-07-30,28.1,1.2,3.4,75.3,8.8,27.2,
108,서울,2019-07-31,25.8,62.3,2.2,91.1,9.8,25.7,
108,서울,2019-08-01,26.3,26.9,1.7,86.4,7.8,26.7,
108,서울,2019-08-02,28.4,,1.2,74.6,3.5,28.8,
108,서울,2019-08-03,29.4,3,1.3,69,3.6,30.5,
108,서울,2019-08-04,28.3,8.6,1.2,75.9,5.8,29.6,
108,서울,2019-08-05,30.5,,1.1,65.5,2.5,30.5,
108,서울,2019-08-06,31.6,,1.5,51.4,6.8,31.7,
108,서울,2019-08-07,26.9,8,1.2,78.1,8,27.5,
108,서울,2019-08-08,28.9,0,1.6,71.4,6.6,29.7,
108,서울,2019-08-09,29.8,,1.3,69,4.9,30.3,
108,서울,2019-08-10,31.5,,1.5,57.9,5.1,33.1,
108,서울,2019-08-11,30.4,6.7,2.5,53.6,6.8,33.2,
108,서울,2019-08-12,26.6,56.2,1.3,91.8,8.9,26.8,
108,서울,2019-08-13,29.2,6.4,1.5,76.9,7.4,30.7,
108,서울,2019-08-14,30.4,,1.5,63.9,4,30.5,
108,서울,2019-08-15,25.9,16.2,1.3,82,9.1,27,
108,서울,2019-08-16,25.9,.1,2.2,74.5,6.3,27.3,
108,서울,2019-08-17,25.9,0,2.5,69.5,5,26.9,
108,서울,2019-08-18,25.6,,1.7,66.5,4.5,28.1,
108,서울,2019-08-19,26.3,,1.1,60.6,4.6,27.2,
108,서울,2019-08-20,28.2,,1.5,56.3,2.6,30.2,
108,서울,2019-08-21,27,1.3,1.2,67.3,7.6,29.2,
108,서울,2019-08-22,26.9,,1.7,66.5,6.3,31.5,
108,서울,2019-08-23,26.2,,2.1,58.4,4.4,31.7,
108,서울,2019-08-24,24.1,,1.5,60.9,5.5,26.7,
108,서울,2019-08-25,25,,1.5,66.6,3.4,30.9,
108,서울,2019-08-26,26.4,,1.2,63.8,6.4,31.5,
108,서울,2019-08-27,25.7,20,1,71.1,8.1,26.4,
108,서울,2019-08-28,26.1,,1.9,66.2,5.9,27.7,
108,서울,2019-08-29,23.4,36.9,2.2,77.1,5.6,25.9,
108,서울,2019-08-30,22.6,.2,2.4,66.3,5.3,24.1,
108,서울,2019-08-31,23.5,,1.9,65,2.3,25,
108,서울,2019-09-01,23.7,,1.4,64,6.1,23.8,
108,서울,2019-09-02,24.4,,1.6,56.6,6.1,24.8,
108,서울,2019-09-03,24.1,0,2.3,67.6,8.5,26.3,
108,서울,2019-09-04,22.8,22.7,2.5,89,9.3,23.5,
108,서울,2019-09-05,23,36.4,2,91.4,9,23.7,
108,서울,2019-09-06,25.3,2.4,2.1,79.8,10,25.5,
108,서울,2019-09-07,25.7,2.8,6,72.9,10,24.1,
108,서울,2019-09-08,24.7,0,1.9,76.9,9.3,25.1,
108,서울,2019-09-09,25.1,0,1.7,74.3,9.3,25.2,
108,서울,2019-09-10,23.8,63.2,2.4,93.4,9.8,24.4,
108,서울,2019-09-11,24.3,7.6,3.1,71.4,7.9,24.9,
108,서울,2019-09-12,21,3.9,2.6,72.3,9.8,21.9,
108,서울,2019-09-13,23.3,.1,1.7,60.4,4.3,24.4,
108,서울,2019-09-14,22.4,.3,1.2,80,8.8,22.9,
108,서울,2019-09-15,24.2,,1.7,70.4,5.5,25.2,
108,서울,2019-09-16,24.5,,2.1,53,3.6,27.4,
108,서울,2019-09-17,23.5,,2.1,41.6,6.4,25.4,
108,서울,2019-09-18,21,,3.1,46,1.1,25.4,
108,서울,2019-09-19,19.5,,1.9,46.5,3.5,23.3,
108,서울,2019-09-20,19.6,,2.1,52.8,9.4,21.5,
108,서울,2019-09-21,19.6,,2,60.3,9.6,20.8,
108,서울,2019-09-22,18.6,.4,3.8,63.4,9.4,18.5,
108,서울,2019-09-23,20,,2.2,51.1,3.1,20.2,
108,서울,2019-09-24,19.8,,1.8,61.3,0,23,
108,서울,2019-09-25,20.9,,1.4,64.4,5.9,23.4,
108,서울,2019-09-26,22.9,,1.9,59.3,8.4,25.1,
108,서울,2019-09-27,22.9,,1.9,57.5,8.6,24.4,
108,서울,2019-09-28,23.7,,1.7,58.9,3.8,25.8,
108,서울,2019-09-29,22.6,,1.7,60.6,.3,24.7,
108,서울,2019-09-30,22.4,,1.6,61,0,24.3,
108,서울,2019-10-01,23.1,,1.8,67.1,6.8,24.5,
108,서울,2019-10-02,21.6,23.1,3,88,9.9,22.2,
108,서울,2019-10-03,22.4,4.6,2.8,73.4,6.3,22.6,
108,서울,2019-10-04,22.4,,2.1,71.5,3.6,22.9,
108,서울,2019-10-05,18.7,.6,2.9,72.6,7,20.8,
108,서울,2019-10-06,18.1,,2.9,53.4,6.1,19.1,
108,서울,2019-10-07,14.8,25.4,1.8,92,9.5,16.7,
108,서울,2019-10-08,14.7,,2.6,58.8,2.6,16.7,
108,서울,2019-10-09,13.6,,1.7,48.3,1.9,14.1,
108,서울,2019-10-10,15.2,,1.3,60.9,9,16,
108,서울,2019-10-11,18.8,,1.9,60,.9,18.4,
108,서울,2019-10-12,17.9,,3.5,49.3,.6,18.2,
108,서울,2019-10-13,17.2,,1.9,52.6,2.1,17.8,
108,서울,2019-10-14,14.4,,2.5,56.9,1.9,17.1,
108,서울,2019-10-15,14.5,,1.6,55.6,3,14.5,
108,서울,2019-10-16,14.6,,1.6,58.3,5.3,16.3,
108,서울,2019-10-17,15.4,,1.7,56,4.8,17.2,
108,서울,2019-10-18,17,,2.4,58.3,7.1,17.4,
108,서울,2019-10-19,17,,1.8,63.8,.8,17.5,
108,서울,2019-10-20,16.5,,1.3,70.3,.6,18.1,
108,서울,2019-10-21,17.1,,1,61,2.1,15.9,
108,서울,2019-10-22,18.1,,1.6,56.1,4.4,18.3,
108,서울,2019-10-23,17,,2.4,57.3,8,17.3,
108,서울,2019-10-24,18.3,,2.7,47.6,4.5,19.4,
108,서울,2019-10-25,16.7,0,2.4,58,6.6,17.2,
108,서울,2019-10-26,10,,2.5,60,2.3,12.6,
108,서울,2019-10-27,11,,1.6,59,.9,12,
108,서울,2019-10-28,12.9,1.7,2.5,65.9,5.6,13,
108,서울,2019-10-29,12.5,.1,2.3,61,1.6,12.4,
108,서울,2019-10-30,11.2,,1.6,60.3,.3,11.2,
108,서울,2019-10-31,14.8,,2.3,73.8,4.6,14.2,
108,서울,2019-11-01,14.9,,1.8,57.9,1.9,14.8,
108,서울,2019-11-02,13.6,,1.5,57.3,8.1,13.5,
108,서울,2019-11-03,14.7,,2.1,57.8,4,15.1,
108,서울,2019-11-04,13.8,,2.1,57.8,0,13.7,
108,서울,2019-11-05,12.4,,1.6,65.1,1.4,12.4,
108,서울,2019-11-06,11,,1.8,63.6,5,11,
108,서울,2019-11-07,9.2,,2.7,42.8,1.6,10.3,
108,서울,2019-11-08,6.8,,1.9,31.4,0,7.3,
108,서울,2019-11-09,9.5,,1.6,41.4,.3,8.6,
108,서울,2019-11-10,10,11.8,2.1,59.6,8.9,10.5,
108,서울,2019-11-11,11.2,1.1,2.4,71.6,5.9,11.4,
108,서울,2019-11-12,9.3,,1.4,63.6,3.6,8.5,
108,서울,2019-11-13,7.2,7.5,2.8,72.3,8.5,7.7,
108,서울,2019-11-14,1.3,,2.9,30.6,1,2.6,
108,서울,2019-11-15,5.6,18.8,2,87.4,8.1,6.2,
108,서울,2019-11-16,6.8,,1.6,81.3,5.5,7.6,5.33
108,서울,2019-11-17,8.3,21.1,3.1,79.4,9.3,7.6,
108,서울,2019-11-18,4.6,14.7,3.9,59.8,7.1,6.9,
108,서울,2019-11-19,.2,0,2.8,48,1.4,2.4,
108,서울,2019-11-20,.5,,1.8,35.5,0,2,
108,서울,2019-11-21,4.2,,1.9,37.4,6.1,2.9,
108,서울,2019-11-22,9.7,,2.1,34.1,1.4,6.3,
108,서울,2019-11-23,12.1,,1.8,52,6.1,8.7,
108,서울,2019-11-24,9.8,3.8,2.2,74.6,7.1,8.7,
108,서울,2019-11-25,1.9,,2.7,62.1,4.4,3.8,
108,서울,2019-11-26,6.6,,2,64,3.9,5.7,
108,서울,2019-11-27,3.1,,2.7,50.8,4,3.7,
108,서울,2019-11-28,3.5,,2,52.4,1.8,3.8,
108,서울,2019-11-29,1.5,,2,42.8,.9,2.4,
108,서울,2019-11-30,4.1,,1.7,42.6,6,3.2,
108,서울,2019-12-01,4.6,3.3,1.6,79.4,9.3,5.2,
108,서울,2019-12-02,-.1,,3.1,48,2.4,2,
108,서울,2019-12-03,.5,.6,1.6,61.3,6.3,1.4,
108,서울,2019-12-04,2,0,1.8,41.6,1,2.5,
108,서울,2019-12-05,-4.4,,3.2,31.9,0,-.4,
108,서울,2019-12-06,-5.9,,1.7,34.5,.6,-2.9,
108,서울,2019-12-07,-2.4,.1,1.7,65,6.6,-1.3,
108,서울,2019-12-08,-.9,,1.4,65.1,1.1,-1,
108,서울,2019-12-09,3.2,0,2.5,56.8,7.9,.7,
108,서울,2019-12-10,8.1,1.7,1.2,82.3,8.9,5.9,
108,서울,2019-12-11,6.3,.2,3.4,62,5.9,5.8,
108,서울,2019-12-12,-.7,,1.8,45.4,0,.6,
108,서울,2019-12-13,2.1,1,2,53.6,6.8,1.1,
108,서울,2019-12-14,2.7,0,2.3,58.3,3,3.1,
108,서울,2019-12-15,5.3,,2,52.5,2.9,3.1,
108,서울,2019-12-16,7.8,,1.9,58.9,6.1,4.6,
108,서울,2019-12-17,7.7,9.8,2.3,81.4,8.6,6.9,.67
108,서울,2019-12-18,.8,,2.5,64.6,3.5,2.4,
108,서울,2019-12-19,-.8,0,2.4,47.8,1.8,.5,
108,서울,2019-12-20,-1.1,0,2.3,45.3,1.4,.3,
108,서울,2019-12-21,-1.2,.6,1.7,68.1,5.5,-1.4,
108,서울,2019-12-22,4.1,.3,1.7,63.4,7.8,2.2,
108,서울,2019-12-23,3.4,2.9,2,80.4,6.1,3.4,
108,서울,2019-12-24,.8,,1.4,67.9,.8,1.4,
108,서울,2019-12-25,2,,1,60.8,5.9,1.5,
108,서울,2019-12-26,2,.3,2.4,59,5.4,2.4,
108,서울,2019-12-27,-1.7,,2.1,45.4,0,-.9,
108,서울,2019-12-28,1.1,,2,47.6,3.5,-.7,
108,서울,2019-12-29,3.8,1.4,2.9,52.5,9,1.7,
108,서울,2019-12-30,2.7,.4,2.9,70.3,7.5,3.3,
108,서울,2019-12-31,-7.9,0,3.1,39.3,1.3,-3.5,
108,서울,2020-01-01,-2.2,.1,.6,64.4,8.9,-.9,
108,서울,2020-01-02,1,,1.2,65.4,7.9,.1,
108,서울,2020-01-03,-.1,,1.7,56.9,0,-.4,
108,서울,2020-01-04,1.2,,1.9,50.8,2.1,0,
108,서울,2020-01-05,1.3,,1.1,45.6,3.9,-.5,
108,서울,2020-01-06,3.1,1.8,3.1,65.4,9.8,1,
108,서울,2020-01-07,6.3,46.3,4,95,10,5.1,
108,서울,2020-01-08,2.4,11.6,3.3,86.1,9.6,4,
108,서울,2020-01-09,-1.2,,2.3,65.3,1.6,1.3,
108,서울,2020-01-10,-.6,,1.5,62.9,3.1,.2,
108,서울,2020-01-11,-.1,,1.9,60.9,3.6,.1,
108,서울,2020-01-12,-1,,2.4,61.5,3.6,.4,
108,서울,2020-01-13,-2.9,,2.3,51,1.4,-1.3,
108,서울,2020-01-14,-2.3,,1.6,45.3,1,-1.6,
108,서울,2020-01-15,-2.7,,1.9,44.8,.1,-2,
108,서울,2020-01-16,-1.7,,1.6,43,5,-1.6,
108,서울,2020-01-17,-.6,,1.5,43.9,4.8,-.8,
108,서울,2020-01-18,.3,,1.8,48.1,2.1,-.6,
108,서울,2020-01-19,1.9,.6,2.2,62.8,4.8,.5,
108,서울,2020-01-20,.7,,2.5,46.8,2.3,-.1,
108,서울,2020-01-21,-.4,,1.4,36.9,2.9,-.8,
108,서울,2020-01-22,3,,1.7,36,7.8,1.3,
108,서울,2020-01-23,4.6,,2,49.3,3.4,2.2,
108,서울,2020-01-24,2.8,,1.7,63,3,1.9,
108,서울,2020-01-25,4.3,,1.5,63.1,7.4,2.4,
108,서울,2020-01-26,5.5,,2.7,56.3,5.8,3.5,
108,서울,2020-01-27,5.9,.1,4.6,48.1,9.5,3.6,
108,서울,2020-01-28,6.8,0,2.6,49.4,7.3,4.6,
108,서울,2020-01-29,6,,2.1,46.4,6.6,3.7,
108,서울,2020-01-30,5.2,,1.8,47,4,3,
108,서울,2020-01-31,3.9,0,2.3,59.6,4.8,2.8,
108,서울,2020-02-01,2.6,,1.7,66.6,3.4,2.3,
108,서울,2020-02-02,1.5,,1.8,52.3,6.1,1.9,
108,서울,2020-02-03,-.4,0,3.1,43.6,1.5,2.3,
108,서울,2020-02-04,-1.6,1.7,2.8,50.3,3.9,.3,
108,서울,2020-02-05,-8.3,,3.3,37.3,0,-2.5,
108,서울,2020-02-06,-6.4,,1.9,36.4,.9,-2.7,
108,서울,2020-02-07,-1.7,0,2,45.1,8.9,-.4,
108,서울,2020-02-08,-.1,0,3,48.1,2.5,1.4,
108,서울,2020-02-09,-.5,0,2,51.1,2.8,.5,
108,서울,2020-02-10,4,0,1.7,49.4,1.1,3.4,
108,서울,2020-02-11,6.8,,1.6,37,2.3,.6,
108,서울,2020-02-12,7.4,6.7,2.2,73.4,9.9,5.8,
108,서울,2020-02-13,6.5,,1.7,84.8,9.1,6.6,.78
108,서울,2020-02-14,8.1,,1.2,70.3,2.1,6.9,
108,서울,2020-02-15,9.8,2,2.7,63,5.8,6.6,
108,서울,2020-02-16,-1.4,13.4,4,81.1,8.9,2.2,
108,서울,2020-02-17,-5.9,1,3.4,64.3,6.5,.3,
108,서울,2020-02-18,-4.1,,2.3,44,0,-.1,
108,서울,2020-02-19,1,,1.5,56.8,6,1.8,
108,서울,2020-02-20,4.6,,1.7,62.6,2.5,4,
108,서울,2020-02-21,6.7,4.2,2.2,66.3,9.3,4.4,
108,서울,2020-02-22,4,3.1,4,62,5.9,4.2,
108,서울,2020-02-23,2.5,,2,48.6,.9,3.6,
108,서울,2020-02-24,7,,1.6,51.8,7,6.1,
108,서울,2020-02-25,6.7,16.6,4.2,73.5,7.5,6,
108,서울,2020-02-26,6.4,0,2.1,59.6,5.3,5.4,
108,서울,2020-02-27,6.1,,2,54,2.6,6,
108,서울,2020-02-28,4.5,3.9,1.4,79.4,9.8,4.7,
108,서울,2020-02-29,7.7,.5,1.7,68.6,3,8.4,
108,서울,2020-03-01,5.8,.2,2,71.8,8.1,5.5,
108,서울,2020-03-02,3.4,0,2.7,55.3,1.6,5,
108,서울,2020-03-03,4.8,,2.6,57,6.5,3.7,
108,서울,2020-03-04,2.2,0,3.7,53.4,5.1,4,
108,서울,2020-03-05,1.4,,2.5,47.5,0,3.8,
108,서울,2020-03-06,3.7,,1.6,46.8,2.5,4.5,
108,서울,2020-03-07,7,,2,39.5,5.4,7,
108,서울,2020-03-08,9.3,,1.6,43.8,.3,8.6,
108,서울,2020-03-09,11.1,,1.8,37.6,6.5,9.7,
108,서울,2020-03-10,6.4,11.8,2.8,78.4,7.5,6.5,
108,서울,2020-03-11,3.8,,3.3,41.8,0,4.8,
108,서울,2020-03-12,6.8,,2.5,49.8,4,5.5,
108,서울,2020-03-13,4.9,.5,3.3,41,6.6,7.7,
108,서울,2020-03-14,3.6,,3,48.1,2.1,5.6,
108,서울,2020-03-15,4,,3.6,48.3,3.1,6.2,
108,서울,2020-03-16,3.6,,2.8,42.4,1,6.1,
108,서울,2020-03-17,6.6,,2.1,65.8,4.8,7.5,
108,서울,2020-03-18,10,,1.8,45.8,0,9.8,
108,서울,2020-03-19,9.1,0,4.8,49,3.4,9.9,
108,서울,2020-03-20,8.8,,3.1,39.6,.4,9.9,
108,서울,2020-03-21,12.8,,2,56.5,6.9,13.9,
108,서울,2020-03-22,11,,3,37.5,.1,13.6,
108,서울,2020-03-23,10.6,,1.9,37.9,0,12.6,
108,서울,2020-03-24,11.4,,1.8,35,0,13.2,
108,서울,2020-03-25,12.5,,1.9,33.6,4,13.9,
108,서울,2020-03-26,14.8,1.8,1.9,53.8,6.9,13.5,
108,서울,2020-03-27,11.9,2,3.3,56.4,5.1,14.4,
108,서울,2020-03-28,7.7,,3.2,17.9,5.1,10.8,
108,서울,2020-03-29,8.7,,2,30.6,1.5,11.8,
108,서울,2020-03-30,10.2,,1.8,38.4,.9,13.3,
108,서울,2020-03-31,11.9,,2,34.5,5.5,14.5,
108,서울,2020-04-01,11.3,,3.7,35.6,3.5,15,
108,서울,2020-04-02,9.3,,2.3,41.4,2.6,13.1,
108,서울,2020-04-03,10,,2.7,53.8,1.3,14.2,
108,서울,2020-04-04,8.9,,3.4,36.4,.8,13.8,
108,서울,2020-04-05,7.2,,2.8,29.5,0,12.4,
108,서울,2020-04-06,9.3,,2.4,38.3,3.5,13.8,
108,서울,2020-04-07,10.6,,2.5,56.6,2.1,14.8,
108,서울,2020-04-08,9.4,,3.5,25.5,0,14.3,
108,서울,2020-04-09,8.9,,2.8,44.6,1.3,14,
108,서울,2020-04-10,10.7,,2.4,52.6,4.8,17,
108,서울,2020-04-11,9.9,,2.5,63.8,4.8,15.6,
108,서울,2020-04-12,9.9,,3.8,58.6,3.1,13.2,
108,서울,2020-04-13,12.4,,3.1,39.4,1.9,18,
108,서울,2020-04-14,13,,2.4,46.8,1.3,18.7,
108,서울,2020-04-15,13.2,,2.2,39.8,5.4,17.5,
108,서울,2020-04-16,16,,2.3,39.9,2.9,20.1,
108,서울,2020-04-17,12.5,6.5,2.4,77.8,9.1,12.1,
108,서울,2020-04-18,13.5,,2.6,67.9,2.6,18.1,
108,서울,2020-04-19,12.3,10.3,2.7,75.8,9.5,12.5,
108,서울,2020-04-20,10,.1,3.3,73,7.4,10.2,
108,서울,2020-04-21,7.4,,4.4,49,3.6,12.2,
108,서울,2020-04-22,6,0,4,46.8,4.1,9.8,
108,서울,2020-04-23,7.9,,3.7,47.8,1.6,12.7,
108,서울,2020-04-24,9.9,,3.9,55.6,1.8,14.5,
108,서울,2020-04-25,13.1,,3.9,54.4,3.3,15.7,
108,서울,2020-04-26,12.3,,3.2,43.1,.8,18.3,
108,서울,2020-04-27,12.9,,2.8,49.8,3.4,17.1,
108,서울,2020-04-28,13.9,,3,50,0,20.1,
108,서울,2020-04-29,14.9,,2.6,48.6,.4,21.1,
108,서울,2020-04-30,17.1,,2.7,57.1,5.3,23,
108,서울,2020-05-01,20.2,,2.7,73.6,6.6,25.7,
108,서울,2020-05-02,20.3,0,2.3,79.6,9,22.7,
108,서울,2020-05-03,21.8,0,2,68.8,7,26.7,
108,서울,2020-05-04,20.2,,2.7,63.9,3.4,28.9,
108,서울,2020-05-05,16,,1.9,67.9,5.4,17.1,
108,서울,2020-05-06,19.4,,2.1,50,1.8,26.5,
108,서울,2020-05-07,20.7,,2.5,32.5,6.8,25.7,
108,서울,2020-05-08,19.9,2.3,2.4,32.8,7.4,27.3,
108,서울,2020-05-09,14.2,24.4,3.6,94.4,10,15.1,
108,서울,2020-05-10,14.4,1.3,2.5,88.6,9,15.7,
108,서울,2020-05-11,16.5,3.4,3,61,8.1,20.2,
108,서울,2020-05-12,14.3,.7,2.9,69.4,3.3,17.6,
108,서울,2020-05-13,16.1,,2.8,47.3,.6,20.5,
108,서울,2020-05-14,19.3,,2,35.4,8.3,21.8,
108,서울,2020-05-15,16.1,12,3,81.4,10,15.9,
108,서울,2020-05-16,16.7,2.5,1.6,90.3,9.5,18.3,
108,서울,2020-05-17,19.1,0,1.7,80.1,7.1,21.2,
108,서울,2020-05-18,19.1,29.8,2.4,79.4,8.5,21.6,
108,서울,2020-05-19,13,19,3.2,73.6,7.6,16.1,
108,서울,2020-05-20,14.4,0,1.9,60.4,6,17.3,
108,서울,2020-05-21,17.4,,2.1,56.1,4.8,20.5,
108,서울,2020-05-22,18.5,0,1.9,68.5,8.6,20,
108,서울,2020-05-23,20.1,0,2.2,66.1,7.4,23.3,
108,서울,2020-05-24,17.1,14.5,2.9,84.8,8.4,19,
108,서울,2020-05-25,16.6,,2.1,81,8.1,20.3,
108,서울,2020-05-26,16.2,1.5,2.1,81.9,7.8,19.2,
108,서울,2020-05-27,17.4,,2.6,68.5,1.5,21.4,
108,서울,2020-05-28,18.7,0,1.9,62.8,3.9,20.5,
108,서울,2020-05-29,20.7,,2,65.6,1.3,24.3,
108,서울,2020-05-30,22.6,,1.9,57.3,1.1,27.6,
108,서울,2020-05-31,21.2,1,2.3,63,8.5,25.7,
108,서울,2020-06-01,19.7,.4,3.4,64.3,3.8,26.6,
108,서울,2020-06-02,17.9,2,2.2,71,9.3,18.3,
108,서울,2020-06-03,22,,2.4,73.3,5.8,27.1,
108,서울,2020-06-04,21.9,.2,2.7,81.1,8.4,26.8,
108,서울,2020-06-05,23,,1.8,69.4,5.5,29.8,
108,서울,2020-06-06,24.6,,2,63.6,2.3,31.4,
108,서울,2020-06-07,22.7,,2.3,69.4,3.3,30.2,
108,서울,2020-06-08,25,,2.1,63.6,3,32.7,
108,서울,2020-06-09,26.7,,2.3,51.6,3,34.1,
108,서울,2020-06-10,25.8,6.2,2,63.8,9,32.8,
108,서울,2020-06-11,26.1,0,2.2,68.3,5.8,30.1,
108,서울,2020-06-12,24.7,,1.7,68.6,8.1,25.8,
108,서울,2020-06-13,26.9,0,1.9,52.8,5.5,34.6,
108,서울,2020-06-14,24,1.1,2.9,70.6,4.4,29.6,
108,서울,2020-06-15,23,,2.8,62.3,6,31.1,
108,서울,2020-06-16,24.4,,2.2,63,6,32.2,
108,서울,2020-06-17,24.3,,2,58.6,7.4,31.1,
108,서울,2020-06-18,23.4,,1.6,61.4,9,26.7,
108,서울,2020-06-19,24.7,.1,2.1,61.4,6.3,29.6,
108,서울,2020-06-20,24.9,,2.1,62.6,.9,31.9,
108,서울,2020-06-21,26.1,,2,59.5,.1,34.1,
108,서울,2020-06-22,28.6,,2,50.5,1.6,36.3,
108,서울,2020-06-23,27.3,0,1.9,53.5,7.5,32.1,
108,서울,2020-06-24,22.3,37.6,2.7,83.5,10,22.7,
108,서울,2020-06-25,21.6,13.3,2.2,91,10,23,
108,서울,2020-06-26,21.8,2.1,3.2,82.1,8.3,22.9,
108,서울,2020-06-27,24.1,0,2,70.4,6.1,25.2,
108,서울,2020-06-28,25.2,,2.4,70.5,1.9,28.6,
108,서울,2020-06-29,23.8,11.9,2.4,77,8.6,23.9,
108,서울,2020-06-30,20.1,64.7,4,83,10,20.8,
108,서울,2020-07-01,21.1,0,1.9,79.3,7.6,21.3,
108,서울,2020-07-02,24.2,,1.9,74.5,6.6,24.5,
108,서울,2020-07-03,25.5,.1,2.6,63.5,6.8,28.6,
108,서울,2020-07-04,24.2,1.6,2.1,63.9,7.6,28.2,
108,서울,2020-07-05,23.8,,1.9,68.6,5.3,26.7,
108,서울,2020-07-06,25.6,,2.1,66.6,7.4,28.5,
108,서울,2020-07-07,24.1,0,2.5,75.5,6.3,28.3,
108,서울,2020-07-08,25.5,,2,71.9,2.9,30.5,
108,서울,2020-07-09,27.5,,1.7,64.6,4.8,31.9,
108,서울,2020-07-10,24.5,2.2,2.8,75,6.6,25.2,
108,서울,2020-07-11,25.8,,2.6,62.6,7.3,29.7,
108,서울,2020-07-12,23.5,2.9,2.4,71.9,9.1,25.3,
108,서울,2020-07-13,18.7,47.6,4,94.8,10,20.1,
108,서울,2020-07-14,20.3,11.5,2.8,79.4,9.9,22.6,
108,서울,2020-07-15,23.4,,2,63.1,5.1,26.4,
108,서울,2020-07-16,25,,1.8,70.9,4.1,27.4,
108,서울,2020-07-17,26,0,1.9,72,4.5,28.3,
108,서울,2020-07-18,26.1,,1.6,71.6,5.4,27.9,
108,서울,2020-07-19,24,29.1,2.7,81.6,9.9,22.9,
108,서울,2020-07-20,23.8,3.6,3.7,86.3,9.6,23.8,
108,서울,2020-07-21,25,0,1.6,77,6.3,25.6,
108,서울,2020-07-22,23.7,11.5,1.6,89.3,9.8,24,
108,서울,2020-07-23,21.1,103.1,3.6,95.5,10,21.8,
108,서울,2020-07-24,22.5,2.9,4.6,74.3,9.3,21.2,
108,서울,2020-07-25,24.3,0,3.1,69.3,7.8,23.9,
108,서울,2020-07-26,25.4,0,2,69.3,7.4,25.6,
108,서울,2020-07-27,24.3,2.2,2.2,86.4,10,25.2,
108,서울,2020-07-28,24.4,.4,2,84.8,9.9,25,
108,서울,2020-07-29,23.7,50.1,2,95.8,10,23.9,
108,서울,2020-07-30,25.3,.1,2.1,85.5,8.3,26.9,
108,서울,2020-07-31,26.2,1.5,2,81.9,6.9,27.2,
108,서울,2020-08-01,25.3,39.1,1.7,90.9,9.8,25.7,
108,서울,2020-08-02,24.9,31.4,2.3,96.3,10,25.2,
108,서울,2020-08-03,25,102.6,3,96.3,10,25.1,
108,서울,2020-08-04,27,3.9,3.5,89.3,9.6,26.9,
108,서울,2020-08-05,26.5,18.5,1.9,92.1,9.8,26.7,
108,서울,2020-08-06,24.1,75.7,3.3,92.8,8,24.8,
108,서울,2020-08-07,24.3,0,1.8,85.3,9,24.8,
108,서울,2020-08-08,24.2,19.1,2.3,89.5,9.1,24.9,
108,서울,2020-08-09,24.9,50.3,2.6,95.4,9.8,24.3,
108,서울,2020-08-10,26.5,44.6,2,91.6,9.9,26.4,
108,서울,2020-08-11,24.6,97,2.2,92.5,9.5,25.2,
108,서울,2020-08-12,27.2,,1.9,83.9,8.3,28.3,
108,서울,2020-08-13,28,,2.5,82.4,8.5,27.4,
108,서울,2020-08-14,27.1,.4,3.5,86.1,9.3,26.3,
108,서울,2020-08-15,26.1,69,1.9,96,9.3,25.9,
108,서울,2020-08-16,27.4,,3,82.6,8.3,27.9,
108,서울,2020-08-17,28.2,,2.3,77.9,4.4,29,
108,서울,2020-08-18,27.5,,1.6,76.3,2.8,29.1,
108,서울,2020-08-19,27.1,,2,76.8,2.3,28.6,
108,서울,2020-08-20,27.7,,1.7,76,6.4,27.6,
108,서울,2020-08-21,26.6,2.5,1.6,83.1,8.8,27.6,
108,서울,2020-08-22,24.3,42.6,2.1,87.4,9,25.2,
108,서울,2020-08-23,25.3,,1.9,78.4,6,27.2,
108,서울,2020-08-24,27.8,,2.2,71.6,5.9,28.6,
108,서울,2020-08-25,29.9,,2.1,69.5,5.9,30.5,
108,서울,2020-08-26,30.2,.6,3.4,68.3,6.4,29.3,
108,서울,2020-08-27,27.1,8.7,3.6,84.6,9.9,27.2,
108,서울,2020-08-28,27.3,13.6,1.6,89.1,8.9,28.1,
108,서울,2020-08-29,26.8,13.6,1.3,90.1,8.4,28.7,
108,서울,2020-08-30,26.8,42.5,2.1,88.8,7.9,28.1,
108,서울,2020-08-31,26.4,0,2.8,77.9,8.8,27.2,
108,서울,2020-09-01,26.6,0,1.9,72.4,8.8,27,
108,서울,2020-09-02,24.3,33.3,2.3,91.3,9.6,25.3,
108,서울,2020-09-03,22.7,29.8,4.8,82,7.4,24,
108,서울,2020-09-04,23.3,,2.7,63.9,1.6,23.7,
108,서울,2020-09-05,23.3,,2,66.6,8,23.4,
108,서울,2020-09-06,21.7,6.4,2.7,80,9.4,22.7,
108,서울,2020-09-07,19.2,61,4.2,93.5,10,20.1,
108,서울,2020-09-08,23.4,0,4.2,71.5,5.4,23.1,
108,서울,2020-09-09,21.1,1.3,2.1,83.4,7.6,22.2,
108,서울,2020-09-10,22.8,3.9,2,75.8,6.3,24.4,
108,서울,2020-09-11,22.4,1.2,2.8,72.6,7.6,22.7,
108,서울,2020-09-12,20.2,5.7,2,83.8,9.5,21.5,
108,서울,2020-09-13,21.5,,1.9,70.4,2.8,24.1,
108,서울,2020-09-14,21.3,0,1.8,79.3,4.6,22.8,
108,서울,2020-09-15,23,,1.6,76.4,7.5,23.9,
108,서울,2020-09-16,22.5,.3,1.9,79.9,9.4,22.2,
108,서울,2020-09-17,21.3,,2.1,70.3,8.4,21.5,
108,서울,2020-09-18,21.5,,2.8,62,3.1,22.4,
108,서울,2020-09-19,21.2,.3,2.2,59.3,1.5,21.8,
108,서울,2020-09-20,19.7,,2,57.6,0,21.2,
108,서울,2020-09-21,19.1,,1.7,56.1,4.5,20.6,
108,서울,2020-09-22,20.2,,2.8,55.3,3.1,21.8,
108,서울,2020-09-23,19.2,,3.3,59.9,7.6,20.8,
108,서울,2020-09-24,20.6,,3.7,59.6,6.6,22,
108,서울,2020-09-25,20.1,,2.5,64.1,4.9,21.5,
108,서울,2020-09-26,19.3,,2.4,62.5,4,20.4,
108,서울,2020-09-27,20.4,,2,63.3,1.1,21.4,
108,서울,2020-09-28,20.7,,2,66,1.1,22,
108,서울,2020-09-29,19.6,,1.9,67.6,6.8,20.7,
108,서울,2020-09-30,19.6,38.3,1.7,78,7.1,21.1,
108,서울,2020-10-01,18.8,,2.1,74.9,5.5,19.6,
108,서울,2020-10-02,19.2,0,2.3,79.6,9.1,18.5,
108,서울,2020-10-03,19.9,0,1.6,72.5,8,19.8,
108,서울,2020-10-04,16.6,0,2.8,65.1,7.1,17.8,
108,서울,2020-10-05,13.3,,2.5,57.3,2.3,14.5,
108,서울,2020-10-06,14.2,,2,55.9,2.5,14.6,
108,서울,2020-10-07,16,,1.9,48.9,3.8,14.9,
108,서울,2020-10-08,17.2,,3.1,53,.1,15.9,
108,서울,2020-10-09,17.2,,3,53.4,4.6,16.6,
108,서울,2020-10-10,16.9,,2,60.1,5.3,16.6,
108,서울,2020-10-11,16.9,,1.8,68.5,5.8,16.1,
108,서울,2020-10-12,16.2,,2.2,68.6,2.6,16.8,
108,서울,2020-10-13,13.6,,2.2,52.3,3.5,14.2,
108,서울,2020-10-14,12.8,,2.4,47,6.6,14.3,
108,서울,2020-10-15,11.7,,1.5,41.8,6.6,13.1,
108,서울,2020-10-16,11.8,,1.5,64.3,7.6,12.5,
108,서울,2020-10-17,13.1,,1.8,64.3,1,13.1,
108,서울,2020-10-18,13.6,,2,65.5,.5,12.9,
108,서울,2020-10-19,15.1,,1.7,74.4,0,14.3,
108,서울,2020-10-20,15.2,,1.6,67.1,.4,14.5,
108,서울,2020-10-21,14.1,,1.9,69.4,7.3,13.7,
108,서울,2020-10-22,13.5,0,2.8,66,4.6,15.2,
108,서울,2020-10-23,8.6,,3,51.5,0,10.7,
108,서울,2020-10-24,8.7,,2.5,47.6,0,9.4,
108,서울,2020-10-25,11.8,,1.7,62.5,2.8,10.9,
108,서울,2020-10-26,12.9,,1.6,71.6,1.6,11.9,
108,서울,2020-10-27,14,,1.8,74.1,1.1,13.2,
108,서울,2020-10-28,13.8,,2.5,52.1,3.8,13.8,
108,서울,2020-10-29,10.8,,2,40.3,3.1,11.5,
108,서울,2020-10-30,11.9,,1.5,42.9,.4,11.2,
108,서울,2020-10-31,13.6,,2.6,60.3,6.1,12.9,
108,서울,2020-11-01,13.7,13.6,2.3,84.3,8.6,13.1,
108,서울,2020-11-02,10.8,1.7,2.3,58.3,3,10,
108,서울,2020-11-03,5.1,.5,3.5,47.5,1.5,6.1,
108,서울,2020-11-04,4.9,,2.3,43.9,0,5.2,
108,서울,2020-11-05,9.6,,1.8,61.5,5.3,10.5,
108,서울,2020-11-06,13.5,,1.7,63.3,8.9,12.5,
108,서울,2020-11-07,14.6,.1,2.7,68.8,3.6,14.6,
108,서울,2020-11-08,8.5,,3.1,43.8,0,9.9,
108,서울,2020-11-09,5.5,,1.8,40.9,2.4,5.6,
108,서울,2020-11-10,7.7,,2.2,56.1,0,7.9,
108,서울,2020-11-11,9.3,,1.6,53.5,0,8.7,
108,서울,2020-11-12,10.4,,1.7,56.9,2,9.2,
108,서울,2020-11-13,12.2,,1.6,71.5,3,12.1,
108,서울,2020-11-14,12.5,,1.7,66.9,1.3,10.9,
108,서울,2020-11-15,11.1,,1.7,75,3.4,10.2,
108,서울,2020-11-16,12.4,,1.6,70.1,2.1,10.9,
108,서울,2020-11-17,15.9,.1,2.3,67.5,7.4,13,
108,서울,2020-11-18,16.6,12.2,2.6,91.4,9.8,15.3,
108,서울,2020-11-19,13.6,86.9,4.2,90.5,9.8,14.6,
108,서울,2020-11-20,2.8,0,3.2,74.3,6.6,6.2,
108,서울,2020-11-21,6.5,.2,2.1,67.9,6.1,6.5,
108,서울,2020-11-22,5.6,4.8,2.5,80.5,7.8,7.3,
108,서울,2020-11-23,1.7,,2.3,61.4,.3,2.9,
108,서울,2020-11-24,2.9,,1.8,54.5,6.1,3.5,
108,서울,2020-11-25,4.6,,1.5,64.1,5.4,3.5,
108,서울,2020-11-26,5.6,,1.7,66.5,5.5,4.4,
108,서울,2020-11-27,4.1,0,2.7,61.6,4.9,4.9,
108,서울,2020-11-28,-.1,,2.8,50,2.9,1.2,
108,서울,2020-11-29,-.6,,2.2,59.6,4.1,.7,
108,서울,2020-11-30,-.2,,1.9,57.8,0,.4,
108,서울,2020-12-01,1.1,,1.9,44.5,4.4,.3,
108,서울,2020-12-02,2.4,,1.8,41.4,6.6,2.2,
108,서울,2020-12-03,.7,,2.7,47.1,1,1.2,
108,서울,2020-12-04,-.6,,1.8,53.8,.9,-.3,
108,서울,2020-12-05,2.1,,1.7,63.1,5.6,.5,
108,서울,2020-12-06,4.5,,1.8,66.9,4.3,2.1,
108,서울,2020-12-07,3.4,,2.6,57.5,3.8,3.1,
108,서울,2020-12-08,-.5,,2,50,.4,.1,
108,서울,2020-12-09,1.5,,1.5,55.1,4.5,-.3,
108,서울,2020-12-10,5.8,0,1.7,69.9,7.8,3.9,
108,서울,2020-12-11,5.3,,1.8,77.1,6.5,3.3,
108,서울,2020-12-12,2.3,,2.1,51.3,1.8,1.8,
108,서울,2020-12-13,-1.1,2.9,2.9,74.9,5.4,.5,
108,서울,2020-12-14,-7.7,,3.4,49.1,0,-1.9,
108,서울,2020-12-15,-8.3,,2.8,43,0,-3.7,
108,서울,2020-12-16,-8.3,,2.6,43.9,0,-4.3,
108,서울,2020-12-17,-4.9,0,1.7,47,2.3,-3.7,
108,서울,2020-12-18,-2.1,.2,3,57,4.1,-1.3,
108,서울,2020-12-19,-5.1,,2.4,45.1,1.4,-3.5,
108,서울,2020-12-20,-3.7,,2,50.4,0,-3.3,
108,서울,2020-12-21,-1,,1.6,64.1,.9,-2.4,
108,서울,2020-12-22,2,,2,67.6,4.8,-.4,
108,서울,2020-12-23,4.5,0,2.3,76.6,7.8,.4,
108,서울,2020-12-24,2.6,,2.9,61.5,1.3,.7,
108,서울,2020-12-25,-.8,,2.1,51.9,.1,-1.4,
108,서울,2020-12-26,2.2,,1.8,65.8,3,-.6,
108,서울,2020-12-27,5.8,0,1.8,62.9,7.5,1.4,
108,서울,2020-12-28,6.7,1.3,1.4,72.1,5.3,2.7,
108,서울,2020-12-29,.1,.2,2.9,70.8,8.5,-.1,
108,서울,2020-12-30,-10.9,,4.1,55.5,.8,-4.4,
108,서울,2020-12-31,-8.9,0,2.4,53.9,.4,-5,
108,서울,2021-01-01,-4.2,,2,64,3.9,-3.4,
108,서울,2021-01-02,-5,,2.6,38.5,0,-3.9,
108,서울,2021-01-03,-5.6,,2,45,2.9,-4.9,
108,서울,2021-01-04,-3.5,0,1.7,51.4,4.8,-3.3,
108,서울,2021-01-05,-5.5,0,2.9,52.8,2.6,-3.2,
108,서울,2021-01-06,-7.4,2.3,2.4,54.6,3.6,-4,
108,서울,2021-01-07,-14.5,,4.1,49.9,.9,-6.1,
108,서울,2021-01-08,-14.9,,3.3,44,0,-9.3,
108,서울,2021-01-09,-12.2,,2.6,46.3,.8,-8.4,
108,서울,2021-01-10,-7.7,,1.3,54.4,3,-6.1,
108,서울,2021-01-11,-6.7,,1.9,62.1,6.9,-5.5,
108,서울,2021-01-12,-3.9,2.6,1.8,79.5,6.1,-4.1,
108,서울,2021-01-13,2,0,2.4,80.3,3,0,
108,서울,2021-01-14,1.7,,2.3,46.5,0,-.2,
108,서울,2021-01-15,4.5,.2,3,67.4,8.5,.7,
108,서울,2021-01-16,-4.9,,3.3,59.3,.8,-1.6,
108,서울,2021-01-17,-5.5,0,2.3,58.5,2.3,-3.9,
108,서울,2021-01-18,-3.8,.3,3.2,64.3,4.3,-3.3,
108,서울,2021-01-19,-6.3,,1.8,37.9,0,-4.8,
108,서울,2021-01-20,-.1,,2.2,37.8,1.9,-2,
108,서울,2021-01-21,4.5,9.2,2.3,64.4,9.6,.7,
108,서울,2021-01-22,5.5,.1,1.7,92.9,9.5,1.9,2.38
108,서울,2021-01-23,7.6,,4.2,66,6.5,3.6,
108,서울,2021-01-24,7.3,,2.1,63.9,3.4,3,
108,서울,2021-01-25,7.9,,1.9,62,6.3,3.3,
108,서울,2021-01-26,5.3,1.7,1.9,80.4,8.4,2,
108,서울,2021-01-27,1.7,,2.2,47.6,6.4,1.6,
108,서울,2021-01-28,-2.6,2,4,52.3,5.1,-.3,
108,서울,2021-01-29,-8.8,,3.5,40,.3,-1.7,
108,서울,2021-01-30,-1.6,.5,2.5,60,3.9,-.3,
108,서울,2021-01-31,3.2,,2,57,4.8,.1,
108,서울,2021-02-01,5,.7,2.7,74.5,7.6,1.6,
108,서울,2021-02-02,-5.6,0,3.9,44.1,1.8,-.6,
108,서울,2021-02-03,-3.2,3.4,2.2,64.6,5,-1.4,
108,서울,2021-02-04,-3.6,.1,2.5,50.1,.1,-.3,
108,서울,2021-02-05,1.4,,2.4,71.8,6,.2,
108,서울,2021-02-06,6.8,,2.2,80.4,9,2.2,
108,서울,2021-02-07,3.6,,2.9,67,4.4,3.2,.72
108,서울,2021-02-08,-3.1,,3.4,43.6,0,.2,
108,서울,2021-02-09,-.9,,2,51.9,.1,.5,
108,서울,2021-02-10,3.4,,2.1,75.1,6.3,.7,
108,서울,2021-02-11,5.5,,1.3,71.5,5.3,2.8,
108,서울,2021-02-12,6.5,,1.7,60.6,4,4.2,
108,서울,2021-02-13,7.6,,1.5,50.6,1.1,4.5,
108,서울,2021-02-14,9.5,0,1.7,47.6,8.1,5.6,
108,서울,2021-02-15,1.2,1.4,4,65.1,5.8,3.7,
108,서울,2021-02-16,-5.1,1.5,3.2,57.9,4,-1.7,
108,서울,2021-02-17,-8.3,0,5,44.1,1.6,-2.1,
108,서울,2021-02-18,-5.8,,3.1,44.9,0,-1.3,
108,서울,2021-02-19,1.6,,2.9,66.9,3.3,.5,
108,서울,2021-02-20,8.8,,2.1,60.4,2.4,4,
108,서울,2021-02-21,10.8,,2.8,66.6,.8,5.5,
108,서울,2021-02-22,7.8,,2.9,58.3,2.6,6.5,
108,서울,2021-02-23,0,,2.9,34,3.3,2.9,
108,서울,2021-02-24,2.9,,1.8,33,6.5,3.6,
108,서울,2021-02-25,4.2,,1.4,35.1,8.1,1.6,
108,서울,2021-02-26,8.2,,2.3,35,4.5,5.1,
108,서울,2021-02-27,9.5,,3.4,48.6,3.5,7,
108,서울,2021-02-28,7.8,,2.1,49,6.1,5.4,
108,서울,2021-03-01,4.7,67.5,3.5,91,10,4.7,
108,서울,2021-03-02,2.3,.1,1.9,75.9,5.5,5.4,
108,서울,2021-03-03,4.4,,1.8,64.4,4.5,4.5,
108,서울,2021-03-04,7.2,,1.9,62.4,6.3,6.2,
108,서울,2021-03-05,9,,2.1,70.3,1.3,9.1,
108,서울,2021-03-06,6.6,,3.3,69.5,4.9,7.1,
108,서울,2021-03-07,6.2,,2.8,62.9,3.5,7.9,
108,서울,2021-03-08,7,,1.8,60.3,0,8.1,
108,서울,2021-03-09,6.6,,2.2,58.5,4.3,6.9,
108,서울,2021-03-10,8.8,,1.8,61.8,.4,9,
108,서울,2021-03-11,10.2,,1.8,50.8,6.4,9.8,
108,서울,2021-03-12,10.5,0,2.2,57,7,8.7,
108,서울,2021-03-13,9.2,,2.2,62.8,5,9.9,
108,서울,2021-03-14,9.1,,2.2,71.4,3.5,10.9,
108,서울,2021-03-15,10.6,1.7,2.4,68.8,8.9,10.3,
108,서울,2021-03-16,8.4,1.3,3.2,52.5,1.9,11.8,
108,서울,2021-03-17,8.8,,1.8,44.9,.3,10.4,
108,서울,2021-03-18,11.7,,1.8,50.1,5,11.6,
108,서울,2021-03-19,15.3,,2.2,47.9,6.8,15,
108,서울,2021-03-20,9.9,5.1,2.2,74.6,9.8,9.8,
108,서울,2021-03-21,5.8,.3,4,65.9,6.8,7.6,
108,서울,2021-03-22,6.2,,3.2,55.3,.4,9,
108,서울,2021-03-23,9.1,,2.5,63.5,.3,10.6,
108,서울,2021-03-24,10.8,,2.4,61.5,4.3,11.7,
108,서울,2021-03-25,11.9,,2.2,68.5,2.4,13.5,
108,서울,2021-03-26,12.6,,1.4,58.4,5.5,13.4,
108,서울,2021-03-27,12.1,25.5,2.5,70.9,9.6,10.5,
108,서울,2021-03-28,9,9.2,3.3,95.8,10,10.2,.5
108,서울,2021-03-29,10.2,.2,3.3,62.3,5.5,11.4,.33
108,서울,2021-03-30,10.8,,2.2,47.3,.6,12.6,
108,서울,2021-03-31,14.5,,1.8,41,3.8,14.2,
108,서울,2021-04-01,17.7,,3.5,33,5.3,14.4,
108,서울,2021-04-02,17.8,0,3.2,35.6,8.1,15.3,
108,서울,2021-04-03,14.9,56.2,3.1,80.8,9.9,13.9,
108,서울,2021-04-04,11.9,.6,3.2,65.8,6.3,13.1,
108,서울,2021-04-05,11.9,,2.4,47.9,2.3,14.5,
108,서울,2021-04-06,13.9,,2.5,50.9,2.4,15.2,
108,서울,2021-04-07,14.1,,2.5,47.5,0,15.4,
108,서울,2021-04-08,13,,2.7,34,0,15.1,
108,서울,2021-04-09,13.6,,2.7,39.3,.6,15,
108,서울,2021-04-10,12.6,,2.6,50,.5,15.2,
108,서울,2021-04-11,15,,1.7,45.4,3.5,15.9,
108,서울,2021-04-12,13.8,22,2.4,70.4,9.8,13.2,
108,서울,2021-04-13,10.4,8,3.7,74,6.6,14.5,
108,서울,2021-04-14,8.4,,2.9,58.5,.3,13.3,
108,서울,2021-04-15,11.6,,2.1,62.3,4.9,14.9,
108,서울,2021-04-16,11.3,.7,2.6,60,6.9,12.6,
108,서울,2021-04-17,9.6,0,2.6,56.6,3.8,12.2,
108,서울,2021-04-18,9.9,,3.2,64.3,.9,14,
108,서울,2021-04-19,12.2,,2.4,65.3,0,15.6,
108,서울,2021-04-20,14.8,,1.9,55.1,2.9,17.3,
108,서울,2021-04-21,19.1,,1.8,43.1,3.9,19.8,
108,서울,2021-04-22,20.9,,2.5,37.9,8.9,20.1,
108,서울,2021-04-23,19,0,3.2,41.4,9.6,17.1,
108,서울,2021-04-24,18.3,0,2.7,43,6.8,17.7,
108,서울,2021-04-25,18.2,,2.7,50,1.1,21.4,
108,서울,2021-04-26,16.2,,2.6,51.8,4.5,20.1,
108,서울,2021-04-27,15.4,1.7,2.3,62.4,9.4,17.3,
108,서울,2021-04-28,14.5,4.7,2.4,64.1,7.9,16.3,
108,서울,2021-04-29,14.6,3.9,2.3,54.1,7.6,16.9,
108,서울,2021-04-30,11.3,26.3,2.4,81.8,9.5,12.8,
108,서울,2021-05-01,10.2,8,2.7,80.8,9.4,12.4,
108,서울,2021-05-02,12.4,1.7,3.1,67.9,2.6,16.8,
108,서울,2021-05-03,14.1,,2.1,56.4,3.8,17.3,
108,서울,2021-05-04,13.8,19.6,2.1,82.6,9.6,13.5,1.37
108,서울,2021-05-05,13.9,.1,3.5,64.4,2.6,17.6,
108,서울,2021-05-06,15.7,,2.4,46.4,4.8,16.8,
108,서울,2021-05-07,14.4,8.8,3.4,60.3,3.1,15.5,
108,서울,2021-05-08,14.3,,3.4,66.1,1.1,16.9,
108,서울,2021-05-09,15.7,,3.5,51.3,.3,18.2,
108,서울,2021-05-10,13.2,0,1.8,67.9,8.6,13.5,
108,서울,2021-05-11,18.5,,2.7,48.9,6,18.7,
108,서울,2021-05-12,22,,2.2,39.5,4.5,21.7,
108,서울,2021-05-13,22.9,,1.9,54.4,0,24.6,
